id сотрудника1,id сотрудника2,вид обмена информацией,степень обмена
b9ad9b6c-2eaa-4b77-a5a5-67810fac8998,d160362f-6beb-4194-a120-7ed3249d629a,звонок,39
396b1400-a9d7-4b8c-9a17-5ddead3192e7,ab3b02c9-ad63-488d-8a52-2c8d7c1b36a6,задача,72
abada8f5-c819-4b50-bd83-c75580bc7868,67a7d5ff-08dc-4578-aa98-619c2b3b56c5,сообщение,18
72d3b1f5-ccca-4dcf-85bb-bf60d9c06824,534765ca-532c-412a-aaf3-31b673b23378,сообщение,64
1742d7ec-e4be-4132-b07f-d1318487f1f4,17c34b17-08db-4e98-87ff-95e6a9e8b7d8,сообщение,31
27ba013b-e21a-4952-a569-599a8a74da11,f5114b0d-91a1-4cb0-b4f3-c516bbf19001,звонок,41
839517fb-119d-449c-8d82-f70601d3aaa0,7252985c-1aa8-45dc-bc93-419e9d2cc259,задача,41
7f7631f6-4d64-4a0c-b052-822ae306f403,fdcdec42-b090-46f4-96ce-1dd2c56370dd,звонок,9
c529e0ff-af21-4067-a3b7-f248c77db23d,ebf26043-880c-47fd-8e68-e160cf957a18,сообщение,38
7252985c-1aa8-45dc-bc93-419e9d2cc259,0e442966-a10c-4075-9485-d3ad1fb90d6e,звонок,22
5af065b3-93e9-4c89-8f80-00fe075c23e9,38b3813c-d615-43bc-86b8-722de0f7fe03,сообщение,100
97a9edec-f916-4c1d-8f44-43b8129eb9e6,27ba013b-e21a-4952-a569-599a8a74da11,сообщение,51
754e1840-0713-4ca8-b5a9-0e7ebbe86df9,4d4538ca-34d7-45fc-9abe-430f15598446,звонок,63
c539a173-6719-407a-83c7-429329cc703c,c9e9e085-b32c-4eb7-82e7-cf1faab26612,сообщение,99
38b3813c-d615-43bc-86b8-722de0f7fe03,009a1df7-3a2d-4631-9906-e04052b99ab5,задача,45
58e011e8-6ae5-4416-9502-689f8625ff8c,ebf26043-880c-47fd-8e68-e160cf957a18,звонок,24
3e7e45c0-4eef-433f-9b24-6ec0354e0cdf,15b50d1d-1632-46cd-bd20-bb2e8bb9cc5a,звонок,11
f76b4301-3aa1-4aba-85c7-de9880d83519,9de52478-58e8-494d-b107-72bb09052864,звонок,41
0e442966-a10c-4075-9485-d3ad1fb90d6e,e6b3d672-2dbb-4ad6-b62e-92b113476047,сообщение,33
9c2799d8-a8c5-4177-82b2-e6caabbb7313,67a7d5ff-08dc-4578-aa98-619c2b3b56c5,задача,14
506120c1-9539-4f1b-a22a-f498060cc360,f05e08ba-b65a-4052-959e-55ed1683756c,задача,31
ab68df92-f9af-40b3-8374-085fc1aa634d,58e011e8-6ae5-4416-9502-689f8625ff8c,сообщение,28
54a9fef7-db34-4129-beb9-f1342962e721,b9ad9b6c-2eaa-4b77-a5a5-67810fac8998,сообщение,58
ac3f9591-4380-495a-beb4-1ab82b509172,761ba7e9-9d52-462f-a673-b34fee746ca6,задача,26
3e7e45c0-4eef-433f-9b24-6ec0354e0cdf,cd70b3cd-94c4-406e-a2e8-4053ac89b644,звонок,8
521f973a-d086-4987-a0d9-ca93641793aa,c1d8941f-8a78-4e27-b080-6d74d7154898,сообщение,90
bd0befa6-a3bc-4307-9c4f-cd930424a90f,dd7bad90-0773-4333-9728-db908ce2b22e,задача,100
761ba7e9-9d52-462f-a673-b34fee746ca6,595d9d85-63fd-4d10-94da-03422b80048c,звонок,99
b84e2993-4a80-4635-98d6-88eb173fa09a,f05e08ba-b65a-4052-959e-55ed1683756c,сообщение,13
5af065b3-93e9-4c89-8f80-00fe075c23e9,dc9519ad-90bc-4a0e-994c-63438a1a6949,задача,67
34619ebb-54df-4b8b-8c01-908ca42f384b,225a9ce2-8f2b-4755-a613-074602491fd2,сообщение,5
c539a173-6719-407a-83c7-429329cc703c,20fa6fbc-53e3-4c3c-8b1b-bb8f3ea50919,звонок,91
67a7d5ff-08dc-4578-aa98-619c2b3b56c5,05f9e060-b2c1-4798-bb09-1625c11a5f79,задача,96
ef367f9f-63cb-4373-b903-dd7f6e6da6af,e1128a45-4e42-4392-bd0d-134b07a170da,задача,50
58e011e8-6ae5-4416-9502-689f8625ff8c,0a3195b0-f5fa-499e-a4ae-896d1df21c27,задача,96
349198eb-0ed8-448b-82f2-68b805af0bf0,40af7387-0eee-4c2b-8bfc-ac083856bd10,звонок,49
97a9edec-f916-4c1d-8f44-43b8129eb9e6,ad1f6800-51d2-485f-957c-b83172503816,сообщение,77
e6b3d672-2dbb-4ad6-b62e-92b113476047,c539a173-6719-407a-83c7-429329cc703c,звонок,91
a2fbb4b3-21cc-4d8c-a024-2a38475d0b11,ebf26043-880c-47fd-8e68-e160cf957a18,звонок,7
fdcdec42-b090-46f4-96ce-1dd2c56370dd,ac3f9591-4380-495a-beb4-1ab82b509172,задача,44
754e1840-0713-4ca8-b5a9-0e7ebbe86df9,5ec95e6e-4d0c-41c5-becc-6e12387cfcc7,сообщение,76
16a60fdf-4b9a-42b0-9a14-b39361a4057c,dd7bad90-0773-4333-9728-db908ce2b22e,звонок,44
db763072-5afa-4cdc-8b09-ec21aad1ea16,c74970e8-334b-479e-a3df-f32a0125216f,сообщение,92
c1d8941f-8a78-4e27-b080-6d74d7154898,5af065b3-93e9-4c89-8f80-00fe075c23e9,задача,46
574495d2-7e8d-4ab4-b81a-b49fdd970588,ef367f9f-63cb-4373-b903-dd7f6e6da6af,сообщение,46
4d0170f9-0d9b-47f3-baf5-5852f774c122,c4d337ee-6e8c-49fd-ae25-71d93a989758,задача,16
27ba013b-e21a-4952-a569-599a8a74da11,ffef61e0-1402-4469-8302-73f3fb947675,задача,20
3ff465a4-bcd3-4c97-8f91-b20077314f36,5116c0d0-4d29-422a-b2bd-3d084703d7e8,задача,45
b6d3aa55-d7cf-41d9-a39e-780da01e33e2,38b3813c-d615-43bc-86b8-722de0f7fe03,задача,71
dd7bad90-0773-4333-9728-db908ce2b22e,dc9519ad-90bc-4a0e-994c-63438a1a6949,сообщение,52
20fa6fbc-53e3-4c3c-8b1b-bb8f3ea50919,839517fb-119d-449c-8d82-f70601d3aaa0,звонок,59
595d9d85-63fd-4d10-94da-03422b80048c,bd0befa6-a3bc-4307-9c4f-cd930424a90f,сообщение,47
85b1ac88-75bf-407a-9911-7fd3aaafa748,15b50d1d-1632-46cd-bd20-bb2e8bb9cc5a,сообщение,18
521f973a-d086-4987-a0d9-ca93641793aa,db763072-5afa-4cdc-8b09-ec21aad1ea16,звонок,33
574495d2-7e8d-4ab4-b81a-b49fdd970588,534765ca-532c-412a-aaf3-31b673b23378,сообщение,74
f76b4301-3aa1-4aba-85c7-de9880d83519,33bf7a00-9abf-4025-9e24-5b0f475fb5ab,звонок,52
27f9cabb-5fac-49d0-8823-febc6abfcee6,7f7631f6-4d64-4a0c-b052-822ae306f403,задача,64
349198eb-0ed8-448b-82f2-68b805af0bf0,f76b4301-3aa1-4aba-85c7-de9880d83519,звонок,73
e6b3d672-2dbb-4ad6-b62e-92b113476047,5116c0d0-4d29-422a-b2bd-3d084703d7e8,сообщение,61
754e1840-0713-4ca8-b5a9-0e7ebbe86df9,f5114b0d-91a1-4cb0-b4f3-c516bbf19001,сообщение,62
0d7052aa-90e5-4a98-8696-d13d93d25050,5b4f4463-72f5-4158-bf8a-c57eab67a730,звонок,50
761ba7e9-9d52-462f-a673-b34fee746ca6,b9ad9b6c-2eaa-4b77-a5a5-67810fac8998,сообщение,99
761ba7e9-9d52-462f-a673-b34fee746ca6,f5114b0d-91a1-4cb0-b4f3-c516bbf19001,задача,10
5116c0d0-4d29-422a-b2bd-3d084703d7e8,0e442966-a10c-4075-9485-d3ad1fb90d6e,звонок,78
5586e5d9-0f1b-4b9f-8b0b-f7b9372d3547,67a7d5ff-08dc-4578-aa98-619c2b3b56c5,задача,53
52ccf5f0-094c-4f81-bcca-6efb5e4b235f,b6d3aa55-d7cf-41d9-a39e-780da01e33e2,сообщение,87
f76b4301-3aa1-4aba-85c7-de9880d83519,754e1840-0713-4ca8-b5a9-0e7ebbe86df9,звонок,46
abada8f5-c819-4b50-bd83-c75580bc7868,34619ebb-54df-4b8b-8c01-908ca42f384b,задача,65
c529e0ff-af21-4067-a3b7-f248c77db23d,ba4e6002-e12a-4def-8e31-3b1271cb3907,задача,53
63b4a044-62d2-4bcc-b196-c7bd55699200,349198eb-0ed8-448b-82f2-68b805af0bf0,задача,66
15b50d1d-1632-46cd-bd20-bb2e8bb9cc5a,85b1ac88-75bf-407a-9911-7fd3aaafa748,задача,5
59c2ec17-cc0c-49e9-ab81-a06712756dbc,4d4538ca-34d7-45fc-9abe-430f15598446,звонок,8
97a9edec-f916-4c1d-8f44-43b8129eb9e6,761ba7e9-9d52-462f-a673-b34fee746ca6,звонок,86
34619ebb-54df-4b8b-8c01-908ca42f384b,393131d6-fbae-4acd-9311-7303cd3c4781,звонок,77
009a1df7-3a2d-4631-9906-e04052b99ab5,52ccf5f0-094c-4f81-bcca-6efb5e4b235f,сообщение,10
0e442966-a10c-4075-9485-d3ad1fb90d6e,ac3f9591-4380-495a-beb4-1ab82b509172,сообщение,51
a2fbb4b3-21cc-4d8c-a024-2a38475d0b11,67a7d5ff-08dc-4578-aa98-619c2b3b56c5,сообщение,4
c9577cc4-87e4-486d-8be8-38f9cfca2d74,c9e9e085-b32c-4eb7-82e7-cf1faab26612,задача,58
e1128a45-4e42-4392-bd0d-134b07a170da,72d3b1f5-ccca-4dcf-85bb-bf60d9c06824,сообщение,48
72d3b1f5-ccca-4dcf-85bb-bf60d9c06824,7f4332a8-ea94-4fe1-ad5d-c4a99c898eb2,звонок,26
b155a2b1-3f7a-4e00-be91-4b111ba10268,3f45dfb0-8c14-4caf-9464-f46c8275a3ce,сообщение,56
c1d8941f-8a78-4e27-b080-6d74d7154898,ef367f9f-63cb-4373-b903-dd7f6e6da6af,звонок,93
3e7e45c0-4eef-433f-9b24-6ec0354e0cdf,09018c18-2802-4afe-bd6e-c995846a87c6,звонок,70
e6b3d672-2dbb-4ad6-b62e-92b113476047,76960ea2-7f10-486c-afaa-f195ea7785e5,звонок,46
c74970e8-334b-479e-a3df-f32a0125216f,ffef61e0-1402-4469-8302-73f3fb947675,сообщение,2
c1d8941f-8a78-4e27-b080-6d74d7154898,ab3b02c9-ad63-488d-8a52-2c8d7c1b36a6,задача,24
3f45dfb0-8c14-4caf-9464-f46c8275a3ce,b84e2993-4a80-4635-98d6-88eb173fa09a,задача,56
942fd693-09b0-4e62-af99-e1b1f5415631,1584e614-c9d1-400b-a925-907e749224e8,сообщение,52
27ba013b-e21a-4952-a569-599a8a74da11,839517fb-119d-449c-8d82-f70601d3aaa0,звонок,29
b84e2993-4a80-4635-98d6-88eb173fa09a,0a3195b0-f5fa-499e-a4ae-896d1df21c27,звонок,55
33bf7a00-9abf-4025-9e24-5b0f475fb5ab,ac3f9591-4380-495a-beb4-1ab82b509172,звонок,95
5116c0d0-4d29-422a-b2bd-3d084703d7e8,c539a173-6719-407a-83c7-429329cc703c,звонок,40
72d3b1f5-ccca-4dcf-85bb-bf60d9c06824,ba4e6002-e12a-4def-8e31-3b1271cb3907,сообщение,5
38b3813c-d615-43bc-86b8-722de0f7fe03,ad1f6800-51d2-485f-957c-b83172503816,звонок,93
521f973a-d086-4987-a0d9-ca93641793aa,b82a166d-93b2-42d0-a73a-1cbb8931d04c,задача,91
f5114b0d-91a1-4cb0-b4f3-c516bbf19001,839517fb-119d-449c-8d82-f70601d3aaa0,звонок,27
db763072-5afa-4cdc-8b09-ec21aad1ea16,a2fbb4b3-21cc-4d8c-a024-2a38475d0b11,звонок,44
76960ea2-7f10-486c-afaa-f195ea7785e5,0e442966-a10c-4075-9485-d3ad1fb90d6e,сообщение,42
225a9ce2-8f2b-4755-a613-074602491fd2,dc9519ad-90bc-4a0e-994c-63438a1a6949,задача,42
92863f44-b1da-4680-a9d2-835af8b334ce,e1128a45-4e42-4392-bd0d-134b07a170da,сообщение,40
009a1df7-3a2d-4631-9906-e04052b99ab5,67a7d5ff-08dc-4578-aa98-619c2b3b56c5,задача,57
e8b09be5-e7d7-43ec-afc8-703ee62f86b7,92863f44-b1da-4680-a9d2-835af8b334ce,звонок,38
67252d8a-b4a0-47a8-9d33-daa088d02bd7,4d0170f9-0d9b-47f3-baf5-5852f774c122,задача,49
238226b1-4894-4136-90b9-3064f67f4673,34619ebb-54df-4b8b-8c01-908ca42f384b,задача,38
506120c1-9539-4f1b-a22a-f498060cc360,b155a2b1-3f7a-4e00-be91-4b111ba10268,задача,32
09018c18-2802-4afe-bd6e-c995846a87c6,9c2799d8-a8c5-4177-82b2-e6caabbb7313,звонок,59
ef7e241f-4b77-4031-9fc6-120f96d4ad19,4d4538ca-34d7-45fc-9abe-430f15598446,задача,66
76960ea2-7f10-486c-afaa-f195ea7785e5,63b4a044-62d2-4bcc-b196-c7bd55699200,задача,32
0e442966-a10c-4075-9485-d3ad1fb90d6e,e1128a45-4e42-4392-bd0d-134b07a170da,задача,75
ef7e241f-4b77-4031-9fc6-120f96d4ad19,c539a173-6719-407a-83c7-429329cc703c,задача,94
f5114b0d-91a1-4cb0-b4f3-c516bbf19001,574495d2-7e8d-4ab4-b81a-b49fdd970588,сообщение,86
d160362f-6beb-4194-a120-7ed3249d629a,16a60fdf-4b9a-42b0-9a14-b39361a4057c,задача,13
ac3f9591-4380-495a-beb4-1ab82b509172,f76b4301-3aa1-4aba-85c7-de9880d83519,задача,36
ad1f6800-51d2-485f-957c-b83172503816,f76b4301-3aa1-4aba-85c7-de9880d83519,звонок,45
0d7052aa-90e5-4a98-8696-d13d93d25050,09018c18-2802-4afe-bd6e-c995846a87c6,звонок,24
5ec95e6e-4d0c-41c5-becc-6e12387cfcc7,ab3b02c9-ad63-488d-8a52-2c8d7c1b36a6,задача,51
3ff465a4-bcd3-4c97-8f91-b20077314f36,5af065b3-93e9-4c89-8f80-00fe075c23e9,звонок,47
ef367f9f-63cb-4373-b903-dd7f6e6da6af,4d0170f9-0d9b-47f3-baf5-5852f774c122,звонок,62
54a9fef7-db34-4129-beb9-f1342962e721,92863f44-b1da-4680-a9d2-835af8b334ce,звонок,20
5116c0d0-4d29-422a-b2bd-3d084703d7e8,e8b09be5-e7d7-43ec-afc8-703ee62f86b7,задача,29
506120c1-9539-4f1b-a22a-f498060cc360,e1128a45-4e42-4392-bd0d-134b07a170da,задача,92
92863f44-b1da-4680-a9d2-835af8b334ce,b6d3aa55-d7cf-41d9-a39e-780da01e33e2,сообщение,67
1584e614-c9d1-400b-a925-907e749224e8,b82a166d-93b2-42d0-a73a-1cbb8931d04c,звонок,24
c9e9e085-b32c-4eb7-82e7-cf1faab26612,ef7e241f-4b77-4031-9fc6-120f96d4ad19,сообщение,68
393131d6-fbae-4acd-9311-7303cd3c4781,3f45dfb0-8c14-4caf-9464-f46c8275a3ce,задача,34
52ccf5f0-094c-4f81-bcca-6efb5e4b235f,574495d2-7e8d-4ab4-b81a-b49fdd970588,сообщение,81
33bf7a00-9abf-4025-9e24-5b0f475fb5ab,b9ad9b6c-2eaa-4b77-a5a5-67810fac8998,задача,75
5ec95e6e-4d0c-41c5-becc-6e12387cfcc7,b84e2993-4a80-4635-98d6-88eb173fa09a,сообщение,38
0a3195b0-f5fa-499e-a4ae-896d1df21c27,c9e9e085-b32c-4eb7-82e7-cf1faab26612,сообщение,41
0a3195b0-f5fa-499e-a4ae-896d1df21c27,c529e0ff-af21-4067-a3b7-f248c77db23d,звонок,55
396b1400-a9d7-4b8c-9a17-5ddead3192e7,59c2ec17-cc0c-49e9-ab81-a06712756dbc,сообщение,72
5ec95e6e-4d0c-41c5-becc-6e12387cfcc7,ba4e6002-e12a-4def-8e31-3b1271cb3907,задача,34
c9577cc4-87e4-486d-8be8-38f9cfca2d74,67a7d5ff-08dc-4578-aa98-619c2b3b56c5,звонок,86
bd0befa6-a3bc-4307-9c4f-cd930424a90f,0e442966-a10c-4075-9485-d3ad1fb90d6e,звонок,38
54a9fef7-db34-4129-beb9-f1342962e721,17c34b17-08db-4e98-87ff-95e6a9e8b7d8,сообщение,95
f76b4301-3aa1-4aba-85c7-de9880d83519,27f9cabb-5fac-49d0-8823-febc6abfcee6,сообщение,53
c539a173-6719-407a-83c7-429329cc703c,c1d8941f-8a78-4e27-b080-6d74d7154898,сообщение,48
7f4332a8-ea94-4fe1-ad5d-c4a99c898eb2,05f9e060-b2c1-4798-bb09-1625c11a5f79,задача,68
72d3b1f5-ccca-4dcf-85bb-bf60d9c06824,0d7052aa-90e5-4a98-8696-d13d93d25050,задача,98
05f9e060-b2c1-4798-bb09-1625c11a5f79,7f4332a8-ea94-4fe1-ad5d-c4a99c898eb2,звонок,26
b155a2b1-3f7a-4e00-be91-4b111ba10268,dc9519ad-90bc-4a0e-994c-63438a1a6949,звонок,40
ba4e6002-e12a-4def-8e31-3b1271cb3907,f05e08ba-b65a-4052-959e-55ed1683756c,задача,78
7f4332a8-ea94-4fe1-ad5d-c4a99c898eb2,ef7e241f-4b77-4031-9fc6-120f96d4ad19,сообщение,66
ac3f9591-4380-495a-beb4-1ab82b509172,ab68df92-f9af-40b3-8374-085fc1aa634d,звонок,71
20fa6fbc-53e3-4c3c-8b1b-bb8f3ea50919,e6b3d672-2dbb-4ad6-b62e-92b113476047,сообщение,69
27f9cabb-5fac-49d0-8823-febc6abfcee6,ac3f9591-4380-495a-beb4-1ab82b509172,задача,84
67252d8a-b4a0-47a8-9d33-daa088d02bd7,1742d7ec-e4be-4132-b07f-d1318487f1f4,звонок,11
db763072-5afa-4cdc-8b09-ec21aad1ea16,9de52478-58e8-494d-b107-72bb09052864,задача,1
4d4538ca-34d7-45fc-9abe-430f15598446,b155a2b1-3f7a-4e00-be91-4b111ba10268,сообщение,35
d08c30f5-f823-4501-bbde-87d393673dfe,ffef61e0-1402-4469-8302-73f3fb947675,сообщение,89
c9e9e085-b32c-4eb7-82e7-cf1faab26612,ba4e6002-e12a-4def-8e31-3b1271cb3907,задача,65
76960ea2-7f10-486c-afaa-f195ea7785e5,4d4538ca-34d7-45fc-9abe-430f15598446,задача,26
20fa6fbc-53e3-4c3c-8b1b-bb8f3ea50919,ab3b02c9-ad63-488d-8a52-2c8d7c1b36a6,задача,6
c9577cc4-87e4-486d-8be8-38f9cfca2d74,0e442966-a10c-4075-9485-d3ad1fb90d6e,задача,66
c4d337ee-6e8c-49fd-ae25-71d93a989758,0e442966-a10c-4075-9485-d3ad1fb90d6e,задача,18
17c34b17-08db-4e98-87ff-95e6a9e8b7d8,e1128a45-4e42-4392-bd0d-134b07a170da,звонок,58
63b4a044-62d2-4bcc-b196-c7bd55699200,ef7e241f-4b77-4031-9fc6-120f96d4ad19,задача,94
349198eb-0ed8-448b-82f2-68b805af0bf0,c9e9e085-b32c-4eb7-82e7-cf1faab26612,звонок,88
3ff465a4-bcd3-4c97-8f91-b20077314f36,ad1f6800-51d2-485f-957c-b83172503816,сообщение,3
ac3f9591-4380-495a-beb4-1ab82b509172,7f4332a8-ea94-4fe1-ad5d-c4a99c898eb2,сообщение,42
ab3b02c9-ad63-488d-8a52-2c8d7c1b36a6,cd70b3cd-94c4-406e-a2e8-4053ac89b644,звонок,51
ffef61e0-1402-4469-8302-73f3fb947675,5af065b3-93e9-4c89-8f80-00fe075c23e9,сообщение,81
521f973a-d086-4987-a0d9-ca93641793aa,942fd693-09b0-4e62-af99-e1b1f5415631,звонок,31
ffef61e0-1402-4469-8302-73f3fb947675,c539a173-6719-407a-83c7-429329cc703c,сообщение,43
05f9e060-b2c1-4798-bb09-1625c11a5f79,f76b4301-3aa1-4aba-85c7-de9880d83519,звонок,2
17c34b17-08db-4e98-87ff-95e6a9e8b7d8,b155a2b1-3f7a-4e00-be91-4b111ba10268,сообщение,40
0a3195b0-f5fa-499e-a4ae-896d1df21c27,c1d8941f-8a78-4e27-b080-6d74d7154898,звонок,49
5586e5d9-0f1b-4b9f-8b0b-f7b9372d3547,393131d6-fbae-4acd-9311-7303cd3c4781,задача,83
942fd693-09b0-4e62-af99-e1b1f5415631,67252d8a-b4a0-47a8-9d33-daa088d02bd7,задача,72
dd7bad90-0773-4333-9728-db908ce2b22e,20fa6fbc-53e3-4c3c-8b1b-bb8f3ea50919,сообщение,57
85b1ac88-75bf-407a-9911-7fd3aaafa748,27ba013b-e21a-4952-a569-599a8a74da11,звонок,30
548bc082-1484-4076-a8dc-4aed816d4da6,393131d6-fbae-4acd-9311-7303cd3c4781,задача,62
e6b3d672-2dbb-4ad6-b62e-92b113476047,c539a173-6719-407a-83c7-429329cc703c,задача,34
bd0befa6-a3bc-4307-9c4f-cd930424a90f,76960ea2-7f10-486c-afaa-f195ea7785e5,задача,0
4d0170f9-0d9b-47f3-baf5-5852f774c122,595d9d85-63fd-4d10-94da-03422b80048c,звонок,32
f76b4301-3aa1-4aba-85c7-de9880d83519,bf3179cc-78eb-4154-aefb-bf6a0ef7018c,сообщение,86
40af7387-0eee-4c2b-8bfc-ac083856bd10,761ba7e9-9d52-462f-a673-b34fee746ca6,сообщение,5
839517fb-119d-449c-8d82-f70601d3aaa0,bd0befa6-a3bc-4307-9c4f-cd930424a90f,задача,2
942fd693-09b0-4e62-af99-e1b1f5415631,506120c1-9539-4f1b-a22a-f498060cc360,задача,88
05f9e060-b2c1-4798-bb09-1625c11a5f79,0a3195b0-f5fa-499e-a4ae-896d1df21c27,звонок,13
ab3b02c9-ad63-488d-8a52-2c8d7c1b36a6,349198eb-0ed8-448b-82f2-68b805af0bf0,сообщение,75
334672c7-225b-48d3-a074-f212c5ef19e6,52ccf5f0-094c-4f81-bcca-6efb5e4b235f,звонок,83
dd7bad90-0773-4333-9728-db908ce2b22e,c74970e8-334b-479e-a3df-f32a0125216f,звонок,88
506120c1-9539-4f1b-a22a-f498060cc360,09018c18-2802-4afe-bd6e-c995846a87c6,сообщение,15
bf3179cc-78eb-4154-aefb-bf6a0ef7018c,3e7e45c0-4eef-433f-9b24-6ec0354e0cdf,сообщение,15
e1128a45-4e42-4392-bd0d-134b07a170da,506120c1-9539-4f1b-a22a-f498060cc360,задача,79
85b1ac88-75bf-407a-9911-7fd3aaafa748,59c2ec17-cc0c-49e9-ab81-a06712756dbc,звонок,80
761ba7e9-9d52-462f-a673-b34fee746ca6,3e7e45c0-4eef-433f-9b24-6ec0354e0cdf,сообщение,25
20fa6fbc-53e3-4c3c-8b1b-bb8f3ea50919,ebf26043-880c-47fd-8e68-e160cf957a18,задача,79
52ccf5f0-094c-4f81-bcca-6efb5e4b235f,bd0befa6-a3bc-4307-9c4f-cd930424a90f,звонок,33
238226b1-4894-4136-90b9-3064f67f4673,b82a166d-93b2-42d0-a73a-1cbb8931d04c,задача,86
ab3b02c9-ad63-488d-8a52-2c8d7c1b36a6,396b1400-a9d7-4b8c-9a17-5ddead3192e7,задача,87
5ec95e6e-4d0c-41c5-becc-6e12387cfcc7,52ccf5f0-094c-4f81-bcca-6efb5e4b235f,звонок,26
ab68df92-f9af-40b3-8374-085fc1aa634d,bf3179cc-78eb-4154-aefb-bf6a0ef7018c,задача,71
cd70b3cd-94c4-406e-a2e8-4053ac89b644,85b1ac88-75bf-407a-9911-7fd3aaafa748,задача,23
85b1ac88-75bf-407a-9911-7fd3aaafa748,4d4538ca-34d7-45fc-9abe-430f15598446,сообщение,66
d08c30f5-f823-4501-bbde-87d393673dfe,ffef61e0-1402-4469-8302-73f3fb947675,звонок,56
238226b1-4894-4136-90b9-3064f67f4673,c4d337ee-6e8c-49fd-ae25-71d93a989758,звонок,94
349198eb-0ed8-448b-82f2-68b805af0bf0,ab3b02c9-ad63-488d-8a52-2c8d7c1b36a6,сообщение,24
ab3b02c9-ad63-488d-8a52-2c8d7c1b36a6,7252985c-1aa8-45dc-bc93-419e9d2cc259,сообщение,9
ad1f6800-51d2-485f-957c-b83172503816,e6b3d672-2dbb-4ad6-b62e-92b113476047,звонок,17
009a1df7-3a2d-4631-9906-e04052b99ab5,52ccf5f0-094c-4f81-bcca-6efb5e4b235f,задача,42
52ccf5f0-094c-4f81-bcca-6efb5e4b235f,db763072-5afa-4cdc-8b09-ec21aad1ea16,сообщение,8
16a60fdf-4b9a-42b0-9a14-b39361a4057c,b82a166d-93b2-42d0-a73a-1cbb8931d04c,сообщение,51
0e442966-a10c-4075-9485-d3ad1fb90d6e,009a1df7-3a2d-4631-9906-e04052b99ab5,задача,92
c74970e8-334b-479e-a3df-f32a0125216f,9c2799d8-a8c5-4177-82b2-e6caabbb7313,сообщение,58
1742d7ec-e4be-4132-b07f-d1318487f1f4,67a7d5ff-08dc-4578-aa98-619c2b3b56c5,сообщение,59
ac3f9591-4380-495a-beb4-1ab82b509172,e6b3d672-2dbb-4ad6-b62e-92b113476047,звонок,23
40af7387-0eee-4c2b-8bfc-ac083856bd10,e6b3d672-2dbb-4ad6-b62e-92b113476047,сообщение,45
1742d7ec-e4be-4132-b07f-d1318487f1f4,ab68df92-f9af-40b3-8374-085fc1aa634d,звонок,60
54a9fef7-db34-4129-beb9-f1342962e721,7f7631f6-4d64-4a0c-b052-822ae306f403,задача,65
393131d6-fbae-4acd-9311-7303cd3c4781,54a9fef7-db34-4129-beb9-f1342962e721,задача,100
52ccf5f0-094c-4f81-bcca-6efb5e4b235f,506120c1-9539-4f1b-a22a-f498060cc360,задача,27
ef7e241f-4b77-4031-9fc6-120f96d4ad19,ba4e6002-e12a-4def-8e31-3b1271cb3907,задача,83
b155a2b1-3f7a-4e00-be91-4b111ba10268,85b1ac88-75bf-407a-9911-7fd3aaafa748,звонок,82
9c2799d8-a8c5-4177-82b2-e6caabbb7313,97a9edec-f916-4c1d-8f44-43b8129eb9e6,звонок,8
b155a2b1-3f7a-4e00-be91-4b111ba10268,ebf26043-880c-47fd-8e68-e160cf957a18,задача,18
d160362f-6beb-4194-a120-7ed3249d629a,d08c30f5-f823-4501-bbde-87d393673dfe,задача,30
1742d7ec-e4be-4132-b07f-d1318487f1f4,15b50d1d-1632-46cd-bd20-bb2e8bb9cc5a,сообщение,89
e1128a45-4e42-4392-bd0d-134b07a170da,bd0befa6-a3bc-4307-9c4f-cd930424a90f,сообщение,54
d08c30f5-f823-4501-bbde-87d393673dfe,27f9cabb-5fac-49d0-8823-febc6abfcee6,задача,61
a2fbb4b3-21cc-4d8c-a024-2a38475d0b11,ac3f9591-4380-495a-beb4-1ab82b509172,задача,100
f5114b0d-91a1-4cb0-b4f3-c516bbf19001,58e011e8-6ae5-4416-9502-689f8625ff8c,задача,42
abada8f5-c819-4b50-bd83-c75580bc7868,bd0befa6-a3bc-4307-9c4f-cd930424a90f,сообщение,100
334672c7-225b-48d3-a074-f212c5ef19e6,34619ebb-54df-4b8b-8c01-908ca42f384b,задача,59
27f9cabb-5fac-49d0-8823-febc6abfcee6,05f9e060-b2c1-4798-bb09-1625c11a5f79,задача,5
009a1df7-3a2d-4631-9906-e04052b99ab5,15b50d1d-1632-46cd-bd20-bb2e8bb9cc5a,звонок,84
334672c7-225b-48d3-a074-f212c5ef19e6,1584e614-c9d1-400b-a925-907e749224e8,звонок,15
ad1f6800-51d2-485f-957c-b83172503816,ffef61e0-1402-4469-8302-73f3fb947675,задача,70
a2fbb4b3-21cc-4d8c-a024-2a38475d0b11,ebf26043-880c-47fd-8e68-e160cf957a18,сообщение,33
db763072-5afa-4cdc-8b09-ec21aad1ea16,0a3195b0-f5fa-499e-a4ae-896d1df21c27,звонок,50
9de52478-58e8-494d-b107-72bb09052864,bd0befa6-a3bc-4307-9c4f-cd930424a90f,звонок,30
3f45dfb0-8c14-4caf-9464-f46c8275a3ce,54a9fef7-db34-4129-beb9-f1342962e721,задача,63
bf3179cc-78eb-4154-aefb-bf6a0ef7018c,009a1df7-3a2d-4631-9906-e04052b99ab5,задача,66
cd70b3cd-94c4-406e-a2e8-4053ac89b644,761ba7e9-9d52-462f-a673-b34fee746ca6,сообщение,37
521f973a-d086-4987-a0d9-ca93641793aa,ab3b02c9-ad63-488d-8a52-2c8d7c1b36a6,звонок,70
009a1df7-3a2d-4631-9906-e04052b99ab5,fdcdec42-b090-46f4-96ce-1dd2c56370dd,задача,1
c74970e8-334b-479e-a3df-f32a0125216f,5b4f4463-72f5-4158-bf8a-c57eab67a730,задача,62
b9ad9b6c-2eaa-4b77-a5a5-67810fac8998,dc9519ad-90bc-4a0e-994c-63438a1a6949,задача,44
574495d2-7e8d-4ab4-b81a-b49fdd970588,c1d8941f-8a78-4e27-b080-6d74d7154898,задача,69
ad1f6800-51d2-485f-957c-b83172503816,b6d3aa55-d7cf-41d9-a39e-780da01e33e2,задача,75
ef7e241f-4b77-4031-9fc6-120f96d4ad19,ab3b02c9-ad63-488d-8a52-2c8d7c1b36a6,задача,98
b84e2993-4a80-4635-98d6-88eb173fa09a,5116c0d0-4d29-422a-b2bd-3d084703d7e8,задача,53
abada8f5-c819-4b50-bd83-c75580bc7868,27ba013b-e21a-4952-a569-599a8a74da11,задача,59
b82a166d-93b2-42d0-a73a-1cbb8931d04c,5116c0d0-4d29-422a-b2bd-3d084703d7e8,звонок,20
5ec95e6e-4d0c-41c5-becc-6e12387cfcc7,761ba7e9-9d52-462f-a673-b34fee746ca6,звонок,6
9de52478-58e8-494d-b107-72bb09052864,85b1ac88-75bf-407a-9911-7fd3aaafa748,звонок,92
17c34b17-08db-4e98-87ff-95e6a9e8b7d8,d160362f-6beb-4194-a120-7ed3249d629a,задача,91
15b50d1d-1632-46cd-bd20-bb2e8bb9cc5a,3f45dfb0-8c14-4caf-9464-f46c8275a3ce,звонок,76
67a7d5ff-08dc-4578-aa98-619c2b3b56c5,534765ca-532c-412a-aaf3-31b673b23378,задача,60
c74970e8-334b-479e-a3df-f32a0125216f,fdcdec42-b090-46f4-96ce-1dd2c56370dd,сообщение,67
e6b3d672-2dbb-4ad6-b62e-92b113476047,67a7d5ff-08dc-4578-aa98-619c2b3b56c5,задача,19
942fd693-09b0-4e62-af99-e1b1f5415631,c74970e8-334b-479e-a3df-f32a0125216f,звонок,34
5af065b3-93e9-4c89-8f80-00fe075c23e9,225a9ce2-8f2b-4755-a613-074602491fd2,сообщение,38
ef7e241f-4b77-4031-9fc6-120f96d4ad19,4d0170f9-0d9b-47f3-baf5-5852f774c122,задача,7
b84e2993-4a80-4635-98d6-88eb173fa09a,ab3b02c9-ad63-488d-8a52-2c8d7c1b36a6,звонок,33
0d7052aa-90e5-4a98-8696-d13d93d25050,396b1400-a9d7-4b8c-9a17-5ddead3192e7,задача,48
c539a173-6719-407a-83c7-429329cc703c,38b3813c-d615-43bc-86b8-722de0f7fe03,задача,88
534765ca-532c-412a-aaf3-31b673b23378,595d9d85-63fd-4d10-94da-03422b80048c,задача,84
20fa6fbc-53e3-4c3c-8b1b-bb8f3ea50919,e8b09be5-e7d7-43ec-afc8-703ee62f86b7,звонок,78
fdcdec42-b090-46f4-96ce-1dd2c56370dd,ac3f9591-4380-495a-beb4-1ab82b509172,звонок,76
0a3195b0-f5fa-499e-a4ae-896d1df21c27,63b4a044-62d2-4bcc-b196-c7bd55699200,звонок,15
1742d7ec-e4be-4132-b07f-d1318487f1f4,15b50d1d-1632-46cd-bd20-bb2e8bb9cc5a,звонок,82
1584e614-c9d1-400b-a925-907e749224e8,34619ebb-54df-4b8b-8c01-908ca42f384b,звонок,94
db763072-5afa-4cdc-8b09-ec21aad1ea16,225a9ce2-8f2b-4755-a613-074602491fd2,задача,15
ebf26043-880c-47fd-8e68-e160cf957a18,1742d7ec-e4be-4132-b07f-d1318487f1f4,звонок,44
548bc082-1484-4076-a8dc-4aed816d4da6,c1d8941f-8a78-4e27-b080-6d74d7154898,задача,43
334672c7-225b-48d3-a074-f212c5ef19e6,63b4a044-62d2-4bcc-b196-c7bd55699200,задача,26
b155a2b1-3f7a-4e00-be91-4b111ba10268,bd0befa6-a3bc-4307-9c4f-cd930424a90f,звонок,26
5116c0d0-4d29-422a-b2bd-3d084703d7e8,f05e08ba-b65a-4052-959e-55ed1683756c,сообщение,37
c529e0ff-af21-4067-a3b7-f248c77db23d,534765ca-532c-412a-aaf3-31b673b23378,звонок,86
5586e5d9-0f1b-4b9f-8b0b-f7b9372d3547,9c2799d8-a8c5-4177-82b2-e6caabbb7313,звонок,33
c9577cc4-87e4-486d-8be8-38f9cfca2d74,fdcdec42-b090-46f4-96ce-1dd2c56370dd,задача,27
3ff465a4-bcd3-4c97-8f91-b20077314f36,238226b1-4894-4136-90b9-3064f67f4673,звонок,90
0d7052aa-90e5-4a98-8696-d13d93d25050,238226b1-4894-4136-90b9-3064f67f4673,задача,52
c529e0ff-af21-4067-a3b7-f248c77db23d,b9ad9b6c-2eaa-4b77-a5a5-67810fac8998,звонок,74
b6d3aa55-d7cf-41d9-a39e-780da01e33e2,97a9edec-f916-4c1d-8f44-43b8129eb9e6,задача,84
db763072-5afa-4cdc-8b09-ec21aad1ea16,1584e614-c9d1-400b-a925-907e749224e8,задача,100
c74970e8-334b-479e-a3df-f32a0125216f,b6d3aa55-d7cf-41d9-a39e-780da01e33e2,сообщение,0
16a60fdf-4b9a-42b0-9a14-b39361a4057c,27f9cabb-5fac-49d0-8823-febc6abfcee6,сообщение,77
ebf26043-880c-47fd-8e68-e160cf957a18,7f4332a8-ea94-4fe1-ad5d-c4a99c898eb2,сообщение,25
506120c1-9539-4f1b-a22a-f498060cc360,3e7e45c0-4eef-433f-9b24-6ec0354e0cdf,задача,95
f5114b0d-91a1-4cb0-b4f3-c516bbf19001,ef7e241f-4b77-4031-9fc6-120f96d4ad19,звонок,79
72d3b1f5-ccca-4dcf-85bb-bf60d9c06824,ffef61e0-1402-4469-8302-73f3fb947675,задача,63
76960ea2-7f10-486c-afaa-f195ea7785e5,238226b1-4894-4136-90b9-3064f67f4673,сообщение,13
09018c18-2802-4afe-bd6e-c995846a87c6,f05e08ba-b65a-4052-959e-55ed1683756c,сообщение,58
c539a173-6719-407a-83c7-429329cc703c,9de52478-58e8-494d-b107-72bb09052864,задача,30
58e011e8-6ae5-4416-9502-689f8625ff8c,ba4e6002-e12a-4def-8e31-3b1271cb3907,звонок,38
16a60fdf-4b9a-42b0-9a14-b39361a4057c,0d7052aa-90e5-4a98-8696-d13d93d25050,сообщение,30
09018c18-2802-4afe-bd6e-c995846a87c6,f76b4301-3aa1-4aba-85c7-de9880d83519,звонок,75
4d4538ca-34d7-45fc-9abe-430f15598446,85b1ac88-75bf-407a-9911-7fd3aaafa748,сообщение,39
58e011e8-6ae5-4416-9502-689f8625ff8c,c9e9e085-b32c-4eb7-82e7-cf1faab26612,сообщение,59
b6d3aa55-d7cf-41d9-a39e-780da01e33e2,ef367f9f-63cb-4373-b903-dd7f6e6da6af,звонок,20
942fd693-09b0-4e62-af99-e1b1f5415631,17c34b17-08db-4e98-87ff-95e6a9e8b7d8,звонок,100
506120c1-9539-4f1b-a22a-f498060cc360,20fa6fbc-53e3-4c3c-8b1b-bb8f3ea50919,звонок,82
b155a2b1-3f7a-4e00-be91-4b111ba10268,c9577cc4-87e4-486d-8be8-38f9cfca2d74,сообщение,6
f5114b0d-91a1-4cb0-b4f3-c516bbf19001,72d3b1f5-ccca-4dcf-85bb-bf60d9c06824,сообщение,32
97a9edec-f916-4c1d-8f44-43b8129eb9e6,76960ea2-7f10-486c-afaa-f195ea7785e5,сообщение,15
97a9edec-f916-4c1d-8f44-43b8129eb9e6,9c2799d8-a8c5-4177-82b2-e6caabbb7313,задача,93
349198eb-0ed8-448b-82f2-68b805af0bf0,c9577cc4-87e4-486d-8be8-38f9cfca2d74,сообщение,85
20fa6fbc-53e3-4c3c-8b1b-bb8f3ea50919,334672c7-225b-48d3-a074-f212c5ef19e6,звонок,27
ebf26043-880c-47fd-8e68-e160cf957a18,b82a166d-93b2-42d0-a73a-1cbb8931d04c,задача,78
1742d7ec-e4be-4132-b07f-d1318487f1f4,574495d2-7e8d-4ab4-b81a-b49fdd970588,задача,48
dd7bad90-0773-4333-9728-db908ce2b22e,839517fb-119d-449c-8d82-f70601d3aaa0,сообщение,96
a2fbb4b3-21cc-4d8c-a024-2a38475d0b11,5ec95e6e-4d0c-41c5-becc-6e12387cfcc7,сообщение,95
58e011e8-6ae5-4416-9502-689f8625ff8c,63b4a044-62d2-4bcc-b196-c7bd55699200,сообщение,36
63b4a044-62d2-4bcc-b196-c7bd55699200,009a1df7-3a2d-4631-9906-e04052b99ab5,задача,80
0a3195b0-f5fa-499e-a4ae-896d1df21c27,9de52478-58e8-494d-b107-72bb09052864,задача,34
05f9e060-b2c1-4798-bb09-1625c11a5f79,52ccf5f0-094c-4f81-bcca-6efb5e4b235f,задача,87
db763072-5afa-4cdc-8b09-ec21aad1ea16,7ccae54f-d679-4224-93de-82d95bfbea24,звонок,13
fdcdec42-b090-46f4-96ce-1dd2c56370dd,bf3179cc-78eb-4154-aefb-bf6a0ef7018c,звонок,35
15b50d1d-1632-46cd-bd20-bb2e8bb9cc5a,393131d6-fbae-4acd-9311-7303cd3c4781,звонок,41
ef367f9f-63cb-4373-b903-dd7f6e6da6af,334672c7-225b-48d3-a074-f212c5ef19e6,звонок,1
b155a2b1-3f7a-4e00-be91-4b111ba10268,38b3813c-d615-43bc-86b8-722de0f7fe03,звонок,23
9de52478-58e8-494d-b107-72bb09052864,76960ea2-7f10-486c-afaa-f195ea7785e5,задача,2
349198eb-0ed8-448b-82f2-68b805af0bf0,f5114b0d-91a1-4cb0-b4f3-c516bbf19001,звонок,82
942fd693-09b0-4e62-af99-e1b1f5415631,d160362f-6beb-4194-a120-7ed3249d629a,сообщение,44
97a9edec-f916-4c1d-8f44-43b8129eb9e6,27ba013b-e21a-4952-a569-599a8a74da11,задача,35
cd70b3cd-94c4-406e-a2e8-4053ac89b644,54a9fef7-db34-4129-beb9-f1342962e721,задача,34
09018c18-2802-4afe-bd6e-c995846a87c6,ef7e241f-4b77-4031-9fc6-120f96d4ad19,сообщение,68
1742d7ec-e4be-4132-b07f-d1318487f1f4,34619ebb-54df-4b8b-8c01-908ca42f384b,сообщение,3
c9e9e085-b32c-4eb7-82e7-cf1faab26612,7ccae54f-d679-4224-93de-82d95bfbea24,сообщение,44
09018c18-2802-4afe-bd6e-c995846a87c6,fdcdec42-b090-46f4-96ce-1dd2c56370dd,звонок,73
f05e08ba-b65a-4052-959e-55ed1683756c,27ba013b-e21a-4952-a569-599a8a74da11,звонок,6
52ccf5f0-094c-4f81-bcca-6efb5e4b235f,0a3195b0-f5fa-499e-a4ae-896d1df21c27,звонок,19
942fd693-09b0-4e62-af99-e1b1f5415631,c1d8941f-8a78-4e27-b080-6d74d7154898,звонок,85
dd7bad90-0773-4333-9728-db908ce2b22e,bd0befa6-a3bc-4307-9c4f-cd930424a90f,сообщение,38
521f973a-d086-4987-a0d9-ca93641793aa,c9e9e085-b32c-4eb7-82e7-cf1faab26612,задача,90
393131d6-fbae-4acd-9311-7303cd3c4781,b84e2993-4a80-4635-98d6-88eb173fa09a,сообщение,46
33bf7a00-9abf-4025-9e24-5b0f475fb5ab,dd7bad90-0773-4333-9728-db908ce2b22e,сообщение,79
595d9d85-63fd-4d10-94da-03422b80048c,942fd693-09b0-4e62-af99-e1b1f5415631,задача,8
76960ea2-7f10-486c-afaa-f195ea7785e5,ebf26043-880c-47fd-8e68-e160cf957a18,сообщение,89
ab68df92-f9af-40b3-8374-085fc1aa634d,0d7052aa-90e5-4a98-8696-d13d93d25050,сообщение,86
7252985c-1aa8-45dc-bc93-419e9d2cc259,5af065b3-93e9-4c89-8f80-00fe075c23e9,звонок,61
27f9cabb-5fac-49d0-8823-febc6abfcee6,3f45dfb0-8c14-4caf-9464-f46c8275a3ce,звонок,53
58e011e8-6ae5-4416-9502-689f8625ff8c,b84e2993-4a80-4635-98d6-88eb173fa09a,задача,14
f05e08ba-b65a-4052-959e-55ed1683756c,0e442966-a10c-4075-9485-d3ad1fb90d6e,задача,40
d08c30f5-f823-4501-bbde-87d393673dfe,58e011e8-6ae5-4416-9502-689f8625ff8c,задача,53
e1128a45-4e42-4392-bd0d-134b07a170da,9de52478-58e8-494d-b107-72bb09052864,звонок,78
839517fb-119d-449c-8d82-f70601d3aaa0,f5114b0d-91a1-4cb0-b4f3-c516bbf19001,звонок,78
fdcdec42-b090-46f4-96ce-1dd2c56370dd,d160362f-6beb-4194-a120-7ed3249d629a,звонок,34
5586e5d9-0f1b-4b9f-8b0b-f7b9372d3547,534765ca-532c-412a-aaf3-31b673b23378,сообщение,73
c9577cc4-87e4-486d-8be8-38f9cfca2d74,506120c1-9539-4f1b-a22a-f498060cc360,звонок,78
38b3813c-d615-43bc-86b8-722de0f7fe03,009a1df7-3a2d-4631-9906-e04052b99ab5,сообщение,26
0e442966-a10c-4075-9485-d3ad1fb90d6e,ffef61e0-1402-4469-8302-73f3fb947675,задача,14
1742d7ec-e4be-4132-b07f-d1318487f1f4,225a9ce2-8f2b-4755-a613-074602491fd2,сообщение,1
9c2799d8-a8c5-4177-82b2-e6caabbb7313,225a9ce2-8f2b-4755-a613-074602491fd2,задача,53
7f4332a8-ea94-4fe1-ad5d-c4a99c898eb2,0a3195b0-f5fa-499e-a4ae-896d1df21c27,задача,59
f5114b0d-91a1-4cb0-b4f3-c516bbf19001,72d3b1f5-ccca-4dcf-85bb-bf60d9c06824,сообщение,32
ffef61e0-1402-4469-8302-73f3fb947675,b6d3aa55-d7cf-41d9-a39e-780da01e33e2,задача,96
3ff465a4-bcd3-4c97-8f91-b20077314f36,40af7387-0eee-4c2b-8bfc-ac083856bd10,сообщение,18
e6b3d672-2dbb-4ad6-b62e-92b113476047,05f9e060-b2c1-4798-bb09-1625c11a5f79,звонок,20
5586e5d9-0f1b-4b9f-8b0b-f7b9372d3547,abada8f5-c819-4b50-bd83-c75580bc7868,звонок,64
0d7052aa-90e5-4a98-8696-d13d93d25050,59c2ec17-cc0c-49e9-ab81-a06712756dbc,задача,72
9de52478-58e8-494d-b107-72bb09052864,009a1df7-3a2d-4631-9906-e04052b99ab5,сообщение,88
92863f44-b1da-4680-a9d2-835af8b334ce,3ff465a4-bcd3-4c97-8f91-b20077314f36,звонок,31
b82a166d-93b2-42d0-a73a-1cbb8931d04c,9c2799d8-a8c5-4177-82b2-e6caabbb7313,задача,98
506120c1-9539-4f1b-a22a-f498060cc360,7ccae54f-d679-4224-93de-82d95bfbea24,сообщение,81
b84e2993-4a80-4635-98d6-88eb173fa09a,754e1840-0713-4ca8-b5a9-0e7ebbe86df9,звонок,0
ffef61e0-1402-4469-8302-73f3fb947675,e6b3d672-2dbb-4ad6-b62e-92b113476047,звонок,91
506120c1-9539-4f1b-a22a-f498060cc360,ad1f6800-51d2-485f-957c-b83172503816,задача,82
548bc082-1484-4076-a8dc-4aed816d4da6,d08c30f5-f823-4501-bbde-87d393673dfe,звонок,23
393131d6-fbae-4acd-9311-7303cd3c4781,7f4332a8-ea94-4fe1-ad5d-c4a99c898eb2,задача,13
bd0befa6-a3bc-4307-9c4f-cd930424a90f,9c2799d8-a8c5-4177-82b2-e6caabbb7313,сообщение,86
225a9ce2-8f2b-4755-a613-074602491fd2,574495d2-7e8d-4ab4-b81a-b49fdd970588,задача,15
ab68df92-f9af-40b3-8374-085fc1aa634d,9c2799d8-a8c5-4177-82b2-e6caabbb7313,задача,70
76960ea2-7f10-486c-afaa-f195ea7785e5,27f9cabb-5fac-49d0-8823-febc6abfcee6,сообщение,79
ad1f6800-51d2-485f-957c-b83172503816,67a7d5ff-08dc-4578-aa98-619c2b3b56c5,сообщение,66
334672c7-225b-48d3-a074-f212c5ef19e6,fdcdec42-b090-46f4-96ce-1dd2c56370dd,задача,22
d160362f-6beb-4194-a120-7ed3249d629a,9de52478-58e8-494d-b107-72bb09052864,сообщение,57
5116c0d0-4d29-422a-b2bd-3d084703d7e8,67252d8a-b4a0-47a8-9d33-daa088d02bd7,сообщение,84
dc9519ad-90bc-4a0e-994c-63438a1a6949,ad1f6800-51d2-485f-957c-b83172503816,звонок,76
5b4f4463-72f5-4158-bf8a-c57eab67a730,c4d337ee-6e8c-49fd-ae25-71d93a989758,звонок,17
09018c18-2802-4afe-bd6e-c995846a87c6,e6b3d672-2dbb-4ad6-b62e-92b113476047,сообщение,24
40af7387-0eee-4c2b-8bfc-ac083856bd10,16a60fdf-4b9a-42b0-9a14-b39361a4057c,сообщение,99
0a3195b0-f5fa-499e-a4ae-896d1df21c27,f05e08ba-b65a-4052-959e-55ed1683756c,задача,97
40af7387-0eee-4c2b-8bfc-ac083856bd10,1742d7ec-e4be-4132-b07f-d1318487f1f4,задача,4
5af065b3-93e9-4c89-8f80-00fe075c23e9,e1128a45-4e42-4392-bd0d-134b07a170da,задача,77
d08c30f5-f823-4501-bbde-87d393673dfe,b155a2b1-3f7a-4e00-be91-4b111ba10268,звонок,2
b9ad9b6c-2eaa-4b77-a5a5-67810fac8998,5b4f4463-72f5-4158-bf8a-c57eab67a730,сообщение,95
97a9edec-f916-4c1d-8f44-43b8129eb9e6,3ff465a4-bcd3-4c97-8f91-b20077314f36,звонок,48
7f4332a8-ea94-4fe1-ad5d-c4a99c898eb2,97a9edec-f916-4c1d-8f44-43b8129eb9e6,задача,40
396b1400-a9d7-4b8c-9a17-5ddead3192e7,5586e5d9-0f1b-4b9f-8b0b-f7b9372d3547,задача,57
4d0170f9-0d9b-47f3-baf5-5852f774c122,e6b3d672-2dbb-4ad6-b62e-92b113476047,звонок,29
5b4f4463-72f5-4158-bf8a-c57eab67a730,c539a173-6719-407a-83c7-429329cc703c,звонок,20
ef7e241f-4b77-4031-9fc6-120f96d4ad19,17c34b17-08db-4e98-87ff-95e6a9e8b7d8,звонок,64
33bf7a00-9abf-4025-9e24-5b0f475fb5ab,225a9ce2-8f2b-4755-a613-074602491fd2,задача,70
34619ebb-54df-4b8b-8c01-908ca42f384b,396b1400-a9d7-4b8c-9a17-5ddead3192e7,сообщение,97
67a7d5ff-08dc-4578-aa98-619c2b3b56c5,d08c30f5-f823-4501-bbde-87d393673dfe,звонок,82
ebf26043-880c-47fd-8e68-e160cf957a18,4d0170f9-0d9b-47f3-baf5-5852f774c122,звонок,89
0d7052aa-90e5-4a98-8696-d13d93d25050,db763072-5afa-4cdc-8b09-ec21aad1ea16,звонок,35
4d0170f9-0d9b-47f3-baf5-5852f774c122,abada8f5-c819-4b50-bd83-c75580bc7868,звонок,93
27ba013b-e21a-4952-a569-599a8a74da11,92863f44-b1da-4680-a9d2-835af8b334ce,сообщение,49
05f9e060-b2c1-4798-bb09-1625c11a5f79,5586e5d9-0f1b-4b9f-8b0b-f7b9372d3547,сообщение,32
67252d8a-b4a0-47a8-9d33-daa088d02bd7,754e1840-0713-4ca8-b5a9-0e7ebbe86df9,задача,10
09018c18-2802-4afe-bd6e-c995846a87c6,ab68df92-f9af-40b3-8374-085fc1aa634d,задача,6
4d0170f9-0d9b-47f3-baf5-5852f774c122,16a60fdf-4b9a-42b0-9a14-b39361a4057c,сообщение,7
7ccae54f-d679-4224-93de-82d95bfbea24,ad1f6800-51d2-485f-957c-b83172503816,сообщение,26
63b4a044-62d2-4bcc-b196-c7bd55699200,33bf7a00-9abf-4025-9e24-5b0f475fb5ab,задача,74
c1d8941f-8a78-4e27-b080-6d74d7154898,92863f44-b1da-4680-a9d2-835af8b334ce,звонок,86
ebf26043-880c-47fd-8e68-e160cf957a18,9c2799d8-a8c5-4177-82b2-e6caabbb7313,задача,76
548bc082-1484-4076-a8dc-4aed816d4da6,17c34b17-08db-4e98-87ff-95e6a9e8b7d8,сообщение,73
34619ebb-54df-4b8b-8c01-908ca42f384b,506120c1-9539-4f1b-a22a-f498060cc360,звонок,51
15b50d1d-1632-46cd-bd20-bb2e8bb9cc5a,574495d2-7e8d-4ab4-b81a-b49fdd970588,сообщение,5
54a9fef7-db34-4129-beb9-f1342962e721,9c2799d8-a8c5-4177-82b2-e6caabbb7313,звонок,19
0e442966-a10c-4075-9485-d3ad1fb90d6e,506120c1-9539-4f1b-a22a-f498060cc360,сообщение,1
b82a166d-93b2-42d0-a73a-1cbb8931d04c,ab68df92-f9af-40b3-8374-085fc1aa634d,звонок,34
3f45dfb0-8c14-4caf-9464-f46c8275a3ce,238226b1-4894-4136-90b9-3064f67f4673,задача,53
85b1ac88-75bf-407a-9911-7fd3aaafa748,506120c1-9539-4f1b-a22a-f498060cc360,задача,1
ebf26043-880c-47fd-8e68-e160cf957a18,b9ad9b6c-2eaa-4b77-a5a5-67810fac8998,сообщение,98
c4d337ee-6e8c-49fd-ae25-71d93a989758,1742d7ec-e4be-4132-b07f-d1318487f1f4,сообщение,12
b82a166d-93b2-42d0-a73a-1cbb8931d04c,009a1df7-3a2d-4631-9906-e04052b99ab5,звонок,89
5ec95e6e-4d0c-41c5-becc-6e12387cfcc7,72d3b1f5-ccca-4dcf-85bb-bf60d9c06824,звонок,98
dc9519ad-90bc-4a0e-994c-63438a1a6949,27ba013b-e21a-4952-a569-599a8a74da11,задача,59
4d4538ca-34d7-45fc-9abe-430f15598446,dc9519ad-90bc-4a0e-994c-63438a1a6949,звонок,13
bf3179cc-78eb-4154-aefb-bf6a0ef7018c,c4d337ee-6e8c-49fd-ae25-71d93a989758,звонок,80
bf3179cc-78eb-4154-aefb-bf6a0ef7018c,ad1f6800-51d2-485f-957c-b83172503816,задача,22
009a1df7-3a2d-4631-9906-e04052b99ab5,52ccf5f0-094c-4f81-bcca-6efb5e4b235f,сообщение,7
20fa6fbc-53e3-4c3c-8b1b-bb8f3ea50919,c529e0ff-af21-4067-a3b7-f248c77db23d,сообщение,32
9c2799d8-a8c5-4177-82b2-e6caabbb7313,17c34b17-08db-4e98-87ff-95e6a9e8b7d8,задача,71
72d3b1f5-ccca-4dcf-85bb-bf60d9c06824,5af065b3-93e9-4c89-8f80-00fe075c23e9,задача,19
05f9e060-b2c1-4798-bb09-1625c11a5f79,349198eb-0ed8-448b-82f2-68b805af0bf0,сообщение,19
ef367f9f-63cb-4373-b903-dd7f6e6da6af,92863f44-b1da-4680-a9d2-835af8b334ce,звонок,80
1584e614-c9d1-400b-a925-907e749224e8,ac3f9591-4380-495a-beb4-1ab82b509172,задача,21
33bf7a00-9abf-4025-9e24-5b0f475fb5ab,c9577cc4-87e4-486d-8be8-38f9cfca2d74,сообщение,83
761ba7e9-9d52-462f-a673-b34fee746ca6,f05e08ba-b65a-4052-959e-55ed1683756c,задача,15
c74970e8-334b-479e-a3df-f32a0125216f,52ccf5f0-094c-4f81-bcca-6efb5e4b235f,задача,57
ebf26043-880c-47fd-8e68-e160cf957a18,cd70b3cd-94c4-406e-a2e8-4053ac89b644,задача,70
ba4e6002-e12a-4def-8e31-3b1271cb3907,15b50d1d-1632-46cd-bd20-bb2e8bb9cc5a,звонок,32
fdcdec42-b090-46f4-96ce-1dd2c56370dd,ab68df92-f9af-40b3-8374-085fc1aa634d,звонок,15
0e442966-a10c-4075-9485-d3ad1fb90d6e,e1128a45-4e42-4392-bd0d-134b07a170da,звонок,14
b6d3aa55-d7cf-41d9-a39e-780da01e33e2,abada8f5-c819-4b50-bd83-c75580bc7868,задача,63
521f973a-d086-4987-a0d9-ca93641793aa,20fa6fbc-53e3-4c3c-8b1b-bb8f3ea50919,звонок,65
225a9ce2-8f2b-4755-a613-074602491fd2,92863f44-b1da-4680-a9d2-835af8b334ce,сообщение,1
761ba7e9-9d52-462f-a673-b34fee746ca6,85b1ac88-75bf-407a-9911-7fd3aaafa748,задача,10
9de52478-58e8-494d-b107-72bb09052864,c9577cc4-87e4-486d-8be8-38f9cfca2d74,задача,35
09018c18-2802-4afe-bd6e-c995846a87c6,396b1400-a9d7-4b8c-9a17-5ddead3192e7,задача,94
7f4332a8-ea94-4fe1-ad5d-c4a99c898eb2,4d0170f9-0d9b-47f3-baf5-5852f774c122,сообщение,13
67252d8a-b4a0-47a8-9d33-daa088d02bd7,3ff465a4-bcd3-4c97-8f91-b20077314f36,звонок,76
cd70b3cd-94c4-406e-a2e8-4053ac89b644,c529e0ff-af21-4067-a3b7-f248c77db23d,сообщение,59
225a9ce2-8f2b-4755-a613-074602491fd2,5b4f4463-72f5-4158-bf8a-c57eab67a730,задача,34
1742d7ec-e4be-4132-b07f-d1318487f1f4,38b3813c-d615-43bc-86b8-722de0f7fe03,задача,58
bf3179cc-78eb-4154-aefb-bf6a0ef7018c,009a1df7-3a2d-4631-9906-e04052b99ab5,звонок,35
97a9edec-f916-4c1d-8f44-43b8129eb9e6,ba4e6002-e12a-4def-8e31-3b1271cb3907,звонок,11
595d9d85-63fd-4d10-94da-03422b80048c,506120c1-9539-4f1b-a22a-f498060cc360,сообщение,71
a2fbb4b3-21cc-4d8c-a024-2a38475d0b11,7f4332a8-ea94-4fe1-ad5d-c4a99c898eb2,сообщение,8
d08c30f5-f823-4501-bbde-87d393673dfe,16a60fdf-4b9a-42b0-9a14-b39361a4057c,звонок,42
3ff465a4-bcd3-4c97-8f91-b20077314f36,f76b4301-3aa1-4aba-85c7-de9880d83519,задача,7
58e011e8-6ae5-4416-9502-689f8625ff8c,b9ad9b6c-2eaa-4b77-a5a5-67810fac8998,звонок,98
c74970e8-334b-479e-a3df-f32a0125216f,97a9edec-f916-4c1d-8f44-43b8129eb9e6,задача,73
521f973a-d086-4987-a0d9-ca93641793aa,05f9e060-b2c1-4798-bb09-1625c11a5f79,сообщение,49
dd7bad90-0773-4333-9728-db908ce2b22e,76960ea2-7f10-486c-afaa-f195ea7785e5,задача,71
548bc082-1484-4076-a8dc-4aed816d4da6,abada8f5-c819-4b50-bd83-c75580bc7868,задача,69
27f9cabb-5fac-49d0-8823-febc6abfcee6,27ba013b-e21a-4952-a569-599a8a74da11,задача,85
bd0befa6-a3bc-4307-9c4f-cd930424a90f,942fd693-09b0-4e62-af99-e1b1f5415631,задача,91
c1d8941f-8a78-4e27-b080-6d74d7154898,574495d2-7e8d-4ab4-b81a-b49fdd970588,задача,52
85b1ac88-75bf-407a-9911-7fd3aaafa748,7f7631f6-4d64-4a0c-b052-822ae306f403,сообщение,81
238226b1-4894-4136-90b9-3064f67f4673,f5114b0d-91a1-4cb0-b4f3-c516bbf19001,сообщение,9
534765ca-532c-412a-aaf3-31b673b23378,ef7e241f-4b77-4031-9fc6-120f96d4ad19,задача,69
20fa6fbc-53e3-4c3c-8b1b-bb8f3ea50919,5ec95e6e-4d0c-41c5-becc-6e12387cfcc7,звонок,46
bf3179cc-78eb-4154-aefb-bf6a0ef7018c,b9ad9b6c-2eaa-4b77-a5a5-67810fac8998,задача,64
f76b4301-3aa1-4aba-85c7-de9880d83519,574495d2-7e8d-4ab4-b81a-b49fdd970588,сообщение,42
9c2799d8-a8c5-4177-82b2-e6caabbb7313,5ec95e6e-4d0c-41c5-becc-6e12387cfcc7,звонок,47
396b1400-a9d7-4b8c-9a17-5ddead3192e7,c9577cc4-87e4-486d-8be8-38f9cfca2d74,сообщение,13
396b1400-a9d7-4b8c-9a17-5ddead3192e7,f76b4301-3aa1-4aba-85c7-de9880d83519,звонок,62
506120c1-9539-4f1b-a22a-f498060cc360,393131d6-fbae-4acd-9311-7303cd3c4781,звонок,90
b82a166d-93b2-42d0-a73a-1cbb8931d04c,ef367f9f-63cb-4373-b903-dd7f6e6da6af,сообщение,46
0e442966-a10c-4075-9485-d3ad1fb90d6e,c539a173-6719-407a-83c7-429329cc703c,сообщение,11
506120c1-9539-4f1b-a22a-f498060cc360,ab3b02c9-ad63-488d-8a52-2c8d7c1b36a6,сообщение,97
bd0befa6-a3bc-4307-9c4f-cd930424a90f,506120c1-9539-4f1b-a22a-f498060cc360,звонок,91
67a7d5ff-08dc-4578-aa98-619c2b3b56c5,ffef61e0-1402-4469-8302-73f3fb947675,сообщение,82
942fd693-09b0-4e62-af99-e1b1f5415631,548bc082-1484-4076-a8dc-4aed816d4da6,звонок,81
396b1400-a9d7-4b8c-9a17-5ddead3192e7,9c2799d8-a8c5-4177-82b2-e6caabbb7313,звонок,16
f05e08ba-b65a-4052-959e-55ed1683756c,ab3b02c9-ad63-488d-8a52-2c8d7c1b36a6,задача,0
67252d8a-b4a0-47a8-9d33-daa088d02bd7,761ba7e9-9d52-462f-a673-b34fee746ca6,звонок,5
cd70b3cd-94c4-406e-a2e8-4053ac89b644,27ba013b-e21a-4952-a569-599a8a74da11,задача,19
dd7bad90-0773-4333-9728-db908ce2b22e,ab3b02c9-ad63-488d-8a52-2c8d7c1b36a6,звонок,62
bd0befa6-a3bc-4307-9c4f-cd930424a90f,54a9fef7-db34-4129-beb9-f1342962e721,звонок,12
ab68df92-f9af-40b3-8374-085fc1aa634d,c9e9e085-b32c-4eb7-82e7-cf1faab26612,сообщение,75
a2fbb4b3-21cc-4d8c-a024-2a38475d0b11,bd0befa6-a3bc-4307-9c4f-cd930424a90f,звонок,4
58e011e8-6ae5-4416-9502-689f8625ff8c,72d3b1f5-ccca-4dcf-85bb-bf60d9c06824,звонок,29
97a9edec-f916-4c1d-8f44-43b8129eb9e6,ba4e6002-e12a-4def-8e31-3b1271cb3907,сообщение,44
ef367f9f-63cb-4373-b903-dd7f6e6da6af,7f7631f6-4d64-4a0c-b052-822ae306f403,сообщение,68
97a9edec-f916-4c1d-8f44-43b8129eb9e6,3ff465a4-bcd3-4c97-8f91-b20077314f36,задача,22
548bc082-1484-4076-a8dc-4aed816d4da6,ab3b02c9-ad63-488d-8a52-2c8d7c1b36a6,задача,73
97a9edec-f916-4c1d-8f44-43b8129eb9e6,67a7d5ff-08dc-4578-aa98-619c2b3b56c5,задача,46
3e7e45c0-4eef-433f-9b24-6ec0354e0cdf,c4d337ee-6e8c-49fd-ae25-71d93a989758,звонок,91
3f45dfb0-8c14-4caf-9464-f46c8275a3ce,349198eb-0ed8-448b-82f2-68b805af0bf0,задача,55
7ccae54f-d679-4224-93de-82d95bfbea24,1742d7ec-e4be-4132-b07f-d1318487f1f4,задача,20
349198eb-0ed8-448b-82f2-68b805af0bf0,33bf7a00-9abf-4025-9e24-5b0f475fb5ab,задача,12
27f9cabb-5fac-49d0-8823-febc6abfcee6,ba4e6002-e12a-4def-8e31-3b1271cb3907,звонок,80
cd70b3cd-94c4-406e-a2e8-4053ac89b644,5af065b3-93e9-4c89-8f80-00fe075c23e9,задача,18
595d9d85-63fd-4d10-94da-03422b80048c,15b50d1d-1632-46cd-bd20-bb2e8bb9cc5a,звонок,13
1742d7ec-e4be-4132-b07f-d1318487f1f4,54a9fef7-db34-4129-beb9-f1342962e721,сообщение,13
b82a166d-93b2-42d0-a73a-1cbb8931d04c,27ba013b-e21a-4952-a569-599a8a74da11,сообщение,2
dd7bad90-0773-4333-9728-db908ce2b22e,c1d8941f-8a78-4e27-b080-6d74d7154898,задача,4
17c34b17-08db-4e98-87ff-95e6a9e8b7d8,e6b3d672-2dbb-4ad6-b62e-92b113476047,задача,98
9c2799d8-a8c5-4177-82b2-e6caabbb7313,7ccae54f-d679-4224-93de-82d95bfbea24,задача,40
72d3b1f5-ccca-4dcf-85bb-bf60d9c06824,396b1400-a9d7-4b8c-9a17-5ddead3192e7,сообщение,1
506120c1-9539-4f1b-a22a-f498060cc360,942fd693-09b0-4e62-af99-e1b1f5415631,сообщение,7
15b50d1d-1632-46cd-bd20-bb2e8bb9cc5a,67252d8a-b4a0-47a8-9d33-daa088d02bd7,задача,17
27ba013b-e21a-4952-a569-599a8a74da11,dd7bad90-0773-4333-9728-db908ce2b22e,задача,62
349198eb-0ed8-448b-82f2-68b805af0bf0,4d0170f9-0d9b-47f3-baf5-5852f774c122,сообщение,3
0e442966-a10c-4075-9485-d3ad1fb90d6e,009a1df7-3a2d-4631-9906-e04052b99ab5,задача,91
548bc082-1484-4076-a8dc-4aed816d4da6,c9e9e085-b32c-4eb7-82e7-cf1faab26612,задача,3
d08c30f5-f823-4501-bbde-87d393673dfe,5b4f4463-72f5-4158-bf8a-c57eab67a730,сообщение,91
05f9e060-b2c1-4798-bb09-1625c11a5f79,0a3195b0-f5fa-499e-a4ae-896d1df21c27,звонок,55
fdcdec42-b090-46f4-96ce-1dd2c56370dd,761ba7e9-9d52-462f-a673-b34fee746ca6,звонок,44
3e7e45c0-4eef-433f-9b24-6ec0354e0cdf,e6b3d672-2dbb-4ad6-b62e-92b113476047,звонок,83
c9577cc4-87e4-486d-8be8-38f9cfca2d74,15b50d1d-1632-46cd-bd20-bb2e8bb9cc5a,задача,82
97a9edec-f916-4c1d-8f44-43b8129eb9e6,b155a2b1-3f7a-4e00-be91-4b111ba10268,сообщение,84
40af7387-0eee-4c2b-8bfc-ac083856bd10,92863f44-b1da-4680-a9d2-835af8b334ce,звонок,21
ac3f9591-4380-495a-beb4-1ab82b509172,5116c0d0-4d29-422a-b2bd-3d084703d7e8,сообщение,24
506120c1-9539-4f1b-a22a-f498060cc360,4d4538ca-34d7-45fc-9abe-430f15598446,сообщение,57
db763072-5afa-4cdc-8b09-ec21aad1ea16,b6d3aa55-d7cf-41d9-a39e-780da01e33e2,задача,82
c9577cc4-87e4-486d-8be8-38f9cfca2d74,1742d7ec-e4be-4132-b07f-d1318487f1f4,звонок,89
cd70b3cd-94c4-406e-a2e8-4053ac89b644,0d7052aa-90e5-4a98-8696-d13d93d25050,звонок,84
ba4e6002-e12a-4def-8e31-3b1271cb3907,839517fb-119d-449c-8d82-f70601d3aaa0,звонок,92
67a7d5ff-08dc-4578-aa98-619c2b3b56c5,63b4a044-62d2-4bcc-b196-c7bd55699200,сообщение,56
4d4538ca-34d7-45fc-9abe-430f15598446,38b3813c-d615-43bc-86b8-722de0f7fe03,сообщение,59
3e7e45c0-4eef-433f-9b24-6ec0354e0cdf,595d9d85-63fd-4d10-94da-03422b80048c,сообщение,89
dc9519ad-90bc-4a0e-994c-63438a1a6949,c9577cc4-87e4-486d-8be8-38f9cfca2d74,задача,71
e8b09be5-e7d7-43ec-afc8-703ee62f86b7,05f9e060-b2c1-4798-bb09-1625c11a5f79,задача,1
67a7d5ff-08dc-4578-aa98-619c2b3b56c5,393131d6-fbae-4acd-9311-7303cd3c4781,сообщение,52
e8b09be5-e7d7-43ec-afc8-703ee62f86b7,05f9e060-b2c1-4798-bb09-1625c11a5f79,звонок,33
ad1f6800-51d2-485f-957c-b83172503816,5116c0d0-4d29-422a-b2bd-3d084703d7e8,задача,63
58e011e8-6ae5-4416-9502-689f8625ff8c,bf3179cc-78eb-4154-aefb-bf6a0ef7018c,звонок,16
349198eb-0ed8-448b-82f2-68b805af0bf0,27f9cabb-5fac-49d0-8823-febc6abfcee6,задача,92
17c34b17-08db-4e98-87ff-95e6a9e8b7d8,5ec95e6e-4d0c-41c5-becc-6e12387cfcc7,звонок,23
ab3b02c9-ad63-488d-8a52-2c8d7c1b36a6,3e7e45c0-4eef-433f-9b24-6ec0354e0cdf,сообщение,91
7ccae54f-d679-4224-93de-82d95bfbea24,b155a2b1-3f7a-4e00-be91-4b111ba10268,звонок,83
c9577cc4-87e4-486d-8be8-38f9cfca2d74,009a1df7-3a2d-4631-9906-e04052b99ab5,звонок,10
761ba7e9-9d52-462f-a673-b34fee746ca6,238226b1-4894-4136-90b9-3064f67f4673,задача,48
59c2ec17-cc0c-49e9-ab81-a06712756dbc,238226b1-4894-4136-90b9-3064f67f4673,задача,49
b6d3aa55-d7cf-41d9-a39e-780da01e33e2,9de52478-58e8-494d-b107-72bb09052864,задача,61
dd7bad90-0773-4333-9728-db908ce2b22e,b84e2993-4a80-4635-98d6-88eb173fa09a,задача,68
16a60fdf-4b9a-42b0-9a14-b39361a4057c,b84e2993-4a80-4635-98d6-88eb173fa09a,звонок,30
ebf26043-880c-47fd-8e68-e160cf957a18,27f9cabb-5fac-49d0-8823-febc6abfcee6,задача,33
67a7d5ff-08dc-4578-aa98-619c2b3b56c5,85b1ac88-75bf-407a-9911-7fd3aaafa748,задача,62
349198eb-0ed8-448b-82f2-68b805af0bf0,c9e9e085-b32c-4eb7-82e7-cf1faab26612,сообщение,6
f5114b0d-91a1-4cb0-b4f3-c516bbf19001,c4d337ee-6e8c-49fd-ae25-71d93a989758,звонок,66
7ccae54f-d679-4224-93de-82d95bfbea24,ba4e6002-e12a-4def-8e31-3b1271cb3907,задача,19
33bf7a00-9abf-4025-9e24-5b0f475fb5ab,4d0170f9-0d9b-47f3-baf5-5852f774c122,сообщение,63
5af065b3-93e9-4c89-8f80-00fe075c23e9,ba4e6002-e12a-4def-8e31-3b1271cb3907,сообщение,81
cd70b3cd-94c4-406e-a2e8-4053ac89b644,27f9cabb-5fac-49d0-8823-febc6abfcee6,сообщение,37
52ccf5f0-094c-4f81-bcca-6efb5e4b235f,bf3179cc-78eb-4154-aefb-bf6a0ef7018c,задача,0
7ccae54f-d679-4224-93de-82d95bfbea24,521f973a-d086-4987-a0d9-ca93641793aa,звонок,86
ffef61e0-1402-4469-8302-73f3fb947675,e6b3d672-2dbb-4ad6-b62e-92b113476047,задача,30
b84e2993-4a80-4635-98d6-88eb173fa09a,5af065b3-93e9-4c89-8f80-00fe075c23e9,звонок,4
9de52478-58e8-494d-b107-72bb09052864,3e7e45c0-4eef-433f-9b24-6ec0354e0cdf,звонок,4
1584e614-c9d1-400b-a925-907e749224e8,c4d337ee-6e8c-49fd-ae25-71d93a989758,задача,9
5b4f4463-72f5-4158-bf8a-c57eab67a730,c539a173-6719-407a-83c7-429329cc703c,звонок,36
3e7e45c0-4eef-433f-9b24-6ec0354e0cdf,34619ebb-54df-4b8b-8c01-908ca42f384b,задача,90
c1d8941f-8a78-4e27-b080-6d74d7154898,7252985c-1aa8-45dc-bc93-419e9d2cc259,сообщение,14
238226b1-4894-4136-90b9-3064f67f4673,67a7d5ff-08dc-4578-aa98-619c2b3b56c5,звонок,47
5586e5d9-0f1b-4b9f-8b0b-f7b9372d3547,f5114b0d-91a1-4cb0-b4f3-c516bbf19001,сообщение,17
a2fbb4b3-21cc-4d8c-a024-2a38475d0b11,574495d2-7e8d-4ab4-b81a-b49fdd970588,сообщение,30
27f9cabb-5fac-49d0-8823-febc6abfcee6,f76b4301-3aa1-4aba-85c7-de9880d83519,звонок,12
72d3b1f5-ccca-4dcf-85bb-bf60d9c06824,ab3b02c9-ad63-488d-8a52-2c8d7c1b36a6,задача,43
334672c7-225b-48d3-a074-f212c5ef19e6,40af7387-0eee-4c2b-8bfc-ac083856bd10,звонок,89
ac3f9591-4380-495a-beb4-1ab82b509172,b6d3aa55-d7cf-41d9-a39e-780da01e33e2,сообщение,28
63b4a044-62d2-4bcc-b196-c7bd55699200,c74970e8-334b-479e-a3df-f32a0125216f,звонок,72
5586e5d9-0f1b-4b9f-8b0b-f7b9372d3547,09018c18-2802-4afe-bd6e-c995846a87c6,сообщение,0
97a9edec-f916-4c1d-8f44-43b8129eb9e6,5af065b3-93e9-4c89-8f80-00fe075c23e9,задача,1
c4d337ee-6e8c-49fd-ae25-71d93a989758,ab3b02c9-ad63-488d-8a52-2c8d7c1b36a6,задача,44
5586e5d9-0f1b-4b9f-8b0b-f7b9372d3547,59c2ec17-cc0c-49e9-ab81-a06712756dbc,сообщение,57
225a9ce2-8f2b-4755-a613-074602491fd2,15b50d1d-1632-46cd-bd20-bb2e8bb9cc5a,звонок,48
ebf26043-880c-47fd-8e68-e160cf957a18,7f7631f6-4d64-4a0c-b052-822ae306f403,задача,28
e6b3d672-2dbb-4ad6-b62e-92b113476047,7ccae54f-d679-4224-93de-82d95bfbea24,сообщение,96
ac3f9591-4380-495a-beb4-1ab82b509172,27f9cabb-5fac-49d0-8823-febc6abfcee6,задача,1
09018c18-2802-4afe-bd6e-c995846a87c6,f05e08ba-b65a-4052-959e-55ed1683756c,звонок,88
15b50d1d-1632-46cd-bd20-bb2e8bb9cc5a,27f9cabb-5fac-49d0-8823-febc6abfcee6,сообщение,36
c4d337ee-6e8c-49fd-ae25-71d93a989758,d160362f-6beb-4194-a120-7ed3249d629a,задача,91
fdcdec42-b090-46f4-96ce-1dd2c56370dd,15b50d1d-1632-46cd-bd20-bb2e8bb9cc5a,задача,29
3e7e45c0-4eef-433f-9b24-6ec0354e0cdf,c4d337ee-6e8c-49fd-ae25-71d93a989758,звонок,93
b6d3aa55-d7cf-41d9-a39e-780da01e33e2,334672c7-225b-48d3-a074-f212c5ef19e6,сообщение,16
ab68df92-f9af-40b3-8374-085fc1aa634d,b82a166d-93b2-42d0-a73a-1cbb8931d04c,звонок,75
548bc082-1484-4076-a8dc-4aed816d4da6,72d3b1f5-ccca-4dcf-85bb-bf60d9c06824,сообщение,67
7f7631f6-4d64-4a0c-b052-822ae306f403,ef367f9f-63cb-4373-b903-dd7f6e6da6af,задача,100
1742d7ec-e4be-4132-b07f-d1318487f1f4,238226b1-4894-4136-90b9-3064f67f4673,звонок,77
0d7052aa-90e5-4a98-8696-d13d93d25050,ebf26043-880c-47fd-8e68-e160cf957a18,звонок,60
16a60fdf-4b9a-42b0-9a14-b39361a4057c,d160362f-6beb-4194-a120-7ed3249d629a,задача,52
3ff465a4-bcd3-4c97-8f91-b20077314f36,4d0170f9-0d9b-47f3-baf5-5852f774c122,звонок,78
9c2799d8-a8c5-4177-82b2-e6caabbb7313,d160362f-6beb-4194-a120-7ed3249d629a,звонок,71
4d4538ca-34d7-45fc-9abe-430f15598446,ef367f9f-63cb-4373-b903-dd7f6e6da6af,звонок,39
38b3813c-d615-43bc-86b8-722de0f7fe03,ef367f9f-63cb-4373-b903-dd7f6e6da6af,звонок,21
3e7e45c0-4eef-433f-9b24-6ec0354e0cdf,e6b3d672-2dbb-4ad6-b62e-92b113476047,сообщение,13
63b4a044-62d2-4bcc-b196-c7bd55699200,b6d3aa55-d7cf-41d9-a39e-780da01e33e2,звонок,66
1584e614-c9d1-400b-a925-907e749224e8,761ba7e9-9d52-462f-a673-b34fee746ca6,сообщение,69
85b1ac88-75bf-407a-9911-7fd3aaafa748,bf3179cc-78eb-4154-aefb-bf6a0ef7018c,сообщение,15
3ff465a4-bcd3-4c97-8f91-b20077314f36,574495d2-7e8d-4ab4-b81a-b49fdd970588,задача,72
4d0170f9-0d9b-47f3-baf5-5852f774c122,548bc082-1484-4076-a8dc-4aed816d4da6,задача,42
b155a2b1-3f7a-4e00-be91-4b111ba10268,40af7387-0eee-4c2b-8bfc-ac083856bd10,звонок,7
0a3195b0-f5fa-499e-a4ae-896d1df21c27,27ba013b-e21a-4952-a569-599a8a74da11,задача,65
15b50d1d-1632-46cd-bd20-bb2e8bb9cc5a,754e1840-0713-4ca8-b5a9-0e7ebbe86df9,звонок,47
c539a173-6719-407a-83c7-429329cc703c,d08c30f5-f823-4501-bbde-87d393673dfe,звонок,6
5116c0d0-4d29-422a-b2bd-3d084703d7e8,05f9e060-b2c1-4798-bb09-1625c11a5f79,звонок,51
3f45dfb0-8c14-4caf-9464-f46c8275a3ce,85b1ac88-75bf-407a-9911-7fd3aaafa748,сообщение,14
20fa6fbc-53e3-4c3c-8b1b-bb8f3ea50919,abada8f5-c819-4b50-bd83-c75580bc7868,звонок,19
15b50d1d-1632-46cd-bd20-bb2e8bb9cc5a,5b4f4463-72f5-4158-bf8a-c57eab67a730,сообщение,93
334672c7-225b-48d3-a074-f212c5ef19e6,58e011e8-6ae5-4416-9502-689f8625ff8c,звонок,7
f05e08ba-b65a-4052-959e-55ed1683756c,c539a173-6719-407a-83c7-429329cc703c,звонок,65
754e1840-0713-4ca8-b5a9-0e7ebbe86df9,1742d7ec-e4be-4132-b07f-d1318487f1f4,задача,65
72d3b1f5-ccca-4dcf-85bb-bf60d9c06824,27ba013b-e21a-4952-a569-599a8a74da11,звонок,78
92863f44-b1da-4680-a9d2-835af8b334ce,7f7631f6-4d64-4a0c-b052-822ae306f403,задача,49
5af065b3-93e9-4c89-8f80-00fe075c23e9,ebf26043-880c-47fd-8e68-e160cf957a18,задача,69
334672c7-225b-48d3-a074-f212c5ef19e6,ab3b02c9-ad63-488d-8a52-2c8d7c1b36a6,сообщение,20
238226b1-4894-4136-90b9-3064f67f4673,9c2799d8-a8c5-4177-82b2-e6caabbb7313,задача,69
ef7e241f-4b77-4031-9fc6-120f96d4ad19,c1d8941f-8a78-4e27-b080-6d74d7154898,звонок,21
27ba013b-e21a-4952-a569-599a8a74da11,754e1840-0713-4ca8-b5a9-0e7ebbe86df9,звонок,97
c9e9e085-b32c-4eb7-82e7-cf1faab26612,761ba7e9-9d52-462f-a673-b34fee746ca6,сообщение,41
ad1f6800-51d2-485f-957c-b83172503816,c9e9e085-b32c-4eb7-82e7-cf1faab26612,задача,93
dd7bad90-0773-4333-9728-db908ce2b22e,67252d8a-b4a0-47a8-9d33-daa088d02bd7,звонок,56
521f973a-d086-4987-a0d9-ca93641793aa,bd0befa6-a3bc-4307-9c4f-cd930424a90f,задача,99
16a60fdf-4b9a-42b0-9a14-b39361a4057c,225a9ce2-8f2b-4755-a613-074602491fd2,задача,85
009a1df7-3a2d-4631-9906-e04052b99ab5,52ccf5f0-094c-4f81-bcca-6efb5e4b235f,задача,70
4d4538ca-34d7-45fc-9abe-430f15598446,58e011e8-6ae5-4416-9502-689f8625ff8c,задача,97
c1d8941f-8a78-4e27-b080-6d74d7154898,e1128a45-4e42-4392-bd0d-134b07a170da,сообщение,13
c539a173-6719-407a-83c7-429329cc703c,92863f44-b1da-4680-a9d2-835af8b334ce,сообщение,22
15b50d1d-1632-46cd-bd20-bb2e8bb9cc5a,7f7631f6-4d64-4a0c-b052-822ae306f403,задача,40
16a60fdf-4b9a-42b0-9a14-b39361a4057c,334672c7-225b-48d3-a074-f212c5ef19e6,задача,89
942fd693-09b0-4e62-af99-e1b1f5415631,ac3f9591-4380-495a-beb4-1ab82b509172,задача,87
d160362f-6beb-4194-a120-7ed3249d629a,c529e0ff-af21-4067-a3b7-f248c77db23d,сообщение,33
ab68df92-f9af-40b3-8374-085fc1aa634d,7252985c-1aa8-45dc-bc93-419e9d2cc259,звонок,8
bd0befa6-a3bc-4307-9c4f-cd930424a90f,7ccae54f-d679-4224-93de-82d95bfbea24,сообщение,3
ac3f9591-4380-495a-beb4-1ab82b509172,f76b4301-3aa1-4aba-85c7-de9880d83519,звонок,77
009a1df7-3a2d-4631-9906-e04052b99ab5,27ba013b-e21a-4952-a569-599a8a74da11,сообщение,5
ef7e241f-4b77-4031-9fc6-120f96d4ad19,67252d8a-b4a0-47a8-9d33-daa088d02bd7,звонок,58
f5114b0d-91a1-4cb0-b4f3-c516bbf19001,5ec95e6e-4d0c-41c5-becc-6e12387cfcc7,задача,69
38b3813c-d615-43bc-86b8-722de0f7fe03,396b1400-a9d7-4b8c-9a17-5ddead3192e7,сообщение,21
238226b1-4894-4136-90b9-3064f67f4673,754e1840-0713-4ca8-b5a9-0e7ebbe86df9,задача,45
34619ebb-54df-4b8b-8c01-908ca42f384b,c9577cc4-87e4-486d-8be8-38f9cfca2d74,задача,53
7f4332a8-ea94-4fe1-ad5d-c4a99c898eb2,59c2ec17-cc0c-49e9-ab81-a06712756dbc,сообщение,60
7f7631f6-4d64-4a0c-b052-822ae306f403,3e7e45c0-4eef-433f-9b24-6ec0354e0cdf,сообщение,17
839517fb-119d-449c-8d82-f70601d3aaa0,ba4e6002-e12a-4def-8e31-3b1271cb3907,звонок,9
c9e9e085-b32c-4eb7-82e7-cf1faab26612,67252d8a-b4a0-47a8-9d33-daa088d02bd7,сообщение,49
1584e614-c9d1-400b-a925-907e749224e8,ef7e241f-4b77-4031-9fc6-120f96d4ad19,задача,37
0a3195b0-f5fa-499e-a4ae-896d1df21c27,548bc082-1484-4076-a8dc-4aed816d4da6,сообщение,15
396b1400-a9d7-4b8c-9a17-5ddead3192e7,27ba013b-e21a-4952-a569-599a8a74da11,звонок,45
548bc082-1484-4076-a8dc-4aed816d4da6,ba4e6002-e12a-4def-8e31-3b1271cb3907,задача,97
761ba7e9-9d52-462f-a673-b34fee746ca6,ffef61e0-1402-4469-8302-73f3fb947675,сообщение,55
5586e5d9-0f1b-4b9f-8b0b-f7b9372d3547,bf3179cc-78eb-4154-aefb-bf6a0ef7018c,сообщение,60
27ba013b-e21a-4952-a569-599a8a74da11,5116c0d0-4d29-422a-b2bd-3d084703d7e8,задача,15
393131d6-fbae-4acd-9311-7303cd3c4781,38b3813c-d615-43bc-86b8-722de0f7fe03,сообщение,90
e6b3d672-2dbb-4ad6-b62e-92b113476047,ebf26043-880c-47fd-8e68-e160cf957a18,сообщение,15
f5114b0d-91a1-4cb0-b4f3-c516bbf19001,1584e614-c9d1-400b-a925-907e749224e8,сообщение,28
349198eb-0ed8-448b-82f2-68b805af0bf0,d160362f-6beb-4194-a120-7ed3249d629a,звонок,66
534765ca-532c-412a-aaf3-31b673b23378,52ccf5f0-094c-4f81-bcca-6efb5e4b235f,звонок,22
009a1df7-3a2d-4631-9906-e04052b99ab5,40af7387-0eee-4c2b-8bfc-ac083856bd10,звонок,96
76960ea2-7f10-486c-afaa-f195ea7785e5,f05e08ba-b65a-4052-959e-55ed1683756c,сообщение,85
db763072-5afa-4cdc-8b09-ec21aad1ea16,c9577cc4-87e4-486d-8be8-38f9cfca2d74,задача,3
05f9e060-b2c1-4798-bb09-1625c11a5f79,ebf26043-880c-47fd-8e68-e160cf957a18,сообщение,61
27f9cabb-5fac-49d0-8823-febc6abfcee6,521f973a-d086-4987-a0d9-ca93641793aa,задача,13
0d7052aa-90e5-4a98-8696-d13d93d25050,0e442966-a10c-4075-9485-d3ad1fb90d6e,сообщение,33
ef367f9f-63cb-4373-b903-dd7f6e6da6af,4d0170f9-0d9b-47f3-baf5-5852f774c122,звонок,1
ef367f9f-63cb-4373-b903-dd7f6e6da6af,c9577cc4-87e4-486d-8be8-38f9cfca2d74,звонок,23
b82a166d-93b2-42d0-a73a-1cbb8931d04c,396b1400-a9d7-4b8c-9a17-5ddead3192e7,звонок,1
334672c7-225b-48d3-a074-f212c5ef19e6,5b4f4463-72f5-4158-bf8a-c57eab67a730,сообщение,47
34619ebb-54df-4b8b-8c01-908ca42f384b,334672c7-225b-48d3-a074-f212c5ef19e6,звонок,90
761ba7e9-9d52-462f-a673-b34fee746ca6,85b1ac88-75bf-407a-9911-7fd3aaafa748,задача,67
fdcdec42-b090-46f4-96ce-1dd2c56370dd,334672c7-225b-48d3-a074-f212c5ef19e6,задача,13
09018c18-2802-4afe-bd6e-c995846a87c6,c9e9e085-b32c-4eb7-82e7-cf1faab26612,звонок,66
ef7e241f-4b77-4031-9fc6-120f96d4ad19,7252985c-1aa8-45dc-bc93-419e9d2cc259,звонок,48
5af065b3-93e9-4c89-8f80-00fe075c23e9,b6d3aa55-d7cf-41d9-a39e-780da01e33e2,задача,53
59c2ec17-cc0c-49e9-ab81-a06712756dbc,ba4e6002-e12a-4def-8e31-3b1271cb3907,сообщение,100
349198eb-0ed8-448b-82f2-68b805af0bf0,0e442966-a10c-4075-9485-d3ad1fb90d6e,сообщение,54
521f973a-d086-4987-a0d9-ca93641793aa,4d4538ca-34d7-45fc-9abe-430f15598446,задача,95
c9577cc4-87e4-486d-8be8-38f9cfca2d74,761ba7e9-9d52-462f-a673-b34fee746ca6,сообщение,4
fdcdec42-b090-46f4-96ce-1dd2c56370dd,c74970e8-334b-479e-a3df-f32a0125216f,сообщение,87
3e7e45c0-4eef-433f-9b24-6ec0354e0cdf,c74970e8-334b-479e-a3df-f32a0125216f,звонок,29
ab3b02c9-ad63-488d-8a52-2c8d7c1b36a6,59c2ec17-cc0c-49e9-ab81-a06712756dbc,звонок,4
942fd693-09b0-4e62-af99-e1b1f5415631,27ba013b-e21a-4952-a569-599a8a74da11,задача,73
548bc082-1484-4076-a8dc-4aed816d4da6,d08c30f5-f823-4501-bbde-87d393673dfe,задача,92
ab68df92-f9af-40b3-8374-085fc1aa634d,09018c18-2802-4afe-bd6e-c995846a87c6,сообщение,98
15b50d1d-1632-46cd-bd20-bb2e8bb9cc5a,ac3f9591-4380-495a-beb4-1ab82b509172,звонок,17
ac3f9591-4380-495a-beb4-1ab82b509172,7f4332a8-ea94-4fe1-ad5d-c4a99c898eb2,звонок,80
839517fb-119d-449c-8d82-f70601d3aaa0,3f45dfb0-8c14-4caf-9464-f46c8275a3ce,сообщение,1
b9ad9b6c-2eaa-4b77-a5a5-67810fac8998,dc9519ad-90bc-4a0e-994c-63438a1a6949,сообщение,32
52ccf5f0-094c-4f81-bcca-6efb5e4b235f,0e442966-a10c-4075-9485-d3ad1fb90d6e,сообщение,32
67252d8a-b4a0-47a8-9d33-daa088d02bd7,ebf26043-880c-47fd-8e68-e160cf957a18,звонок,8
97a9edec-f916-4c1d-8f44-43b8129eb9e6,bd0befa6-a3bc-4307-9c4f-cd930424a90f,задача,9
942fd693-09b0-4e62-af99-e1b1f5415631,c539a173-6719-407a-83c7-429329cc703c,задача,28
bf3179cc-78eb-4154-aefb-bf6a0ef7018c,534765ca-532c-412a-aaf3-31b673b23378,задача,26
dd7bad90-0773-4333-9728-db908ce2b22e,bd0befa6-a3bc-4307-9c4f-cd930424a90f,сообщение,31
0e442966-a10c-4075-9485-d3ad1fb90d6e,334672c7-225b-48d3-a074-f212c5ef19e6,сообщение,13
009a1df7-3a2d-4631-9906-e04052b99ab5,e1128a45-4e42-4392-bd0d-134b07a170da,задача,82
574495d2-7e8d-4ab4-b81a-b49fdd970588,4d0170f9-0d9b-47f3-baf5-5852f774c122,сообщение,91
5af065b3-93e9-4c89-8f80-00fe075c23e9,5116c0d0-4d29-422a-b2bd-3d084703d7e8,сообщение,11
ffef61e0-1402-4469-8302-73f3fb947675,839517fb-119d-449c-8d82-f70601d3aaa0,звонок,81
9de52478-58e8-494d-b107-72bb09052864,4d4538ca-34d7-45fc-9abe-430f15598446,звонок,73
20fa6fbc-53e3-4c3c-8b1b-bb8f3ea50919,574495d2-7e8d-4ab4-b81a-b49fdd970588,задача,53
38b3813c-d615-43bc-86b8-722de0f7fe03,4d0170f9-0d9b-47f3-baf5-5852f774c122,звонок,80
09018c18-2802-4afe-bd6e-c995846a87c6,c539a173-6719-407a-83c7-429329cc703c,звонок,51
abada8f5-c819-4b50-bd83-c75580bc7868,54a9fef7-db34-4129-beb9-f1342962e721,звонок,7
d08c30f5-f823-4501-bbde-87d393673dfe,a2fbb4b3-21cc-4d8c-a024-2a38475d0b11,задача,77
d160362f-6beb-4194-a120-7ed3249d629a,67a7d5ff-08dc-4578-aa98-619c2b3b56c5,сообщение,23
05f9e060-b2c1-4798-bb09-1625c11a5f79,334672c7-225b-48d3-a074-f212c5ef19e6,задача,13
c9577cc4-87e4-486d-8be8-38f9cfca2d74,40af7387-0eee-4c2b-8bfc-ac083856bd10,звонок,2
33bf7a00-9abf-4025-9e24-5b0f475fb5ab,009a1df7-3a2d-4631-9906-e04052b99ab5,задача,85
dd7bad90-0773-4333-9728-db908ce2b22e,c529e0ff-af21-4067-a3b7-f248c77db23d,задача,2
c529e0ff-af21-4067-a3b7-f248c77db23d,ab68df92-f9af-40b3-8374-085fc1aa634d,сообщение,85
f05e08ba-b65a-4052-959e-55ed1683756c,abada8f5-c819-4b50-bd83-c75580bc7868,сообщение,95
4d0170f9-0d9b-47f3-baf5-5852f774c122,009a1df7-3a2d-4631-9906-e04052b99ab5,звонок,43
225a9ce2-8f2b-4755-a613-074602491fd2,f05e08ba-b65a-4052-959e-55ed1683756c,задача,48
9c2799d8-a8c5-4177-82b2-e6caabbb7313,15b50d1d-1632-46cd-bd20-bb2e8bb9cc5a,задача,28
5af065b3-93e9-4c89-8f80-00fe075c23e9,ab3b02c9-ad63-488d-8a52-2c8d7c1b36a6,звонок,85
d08c30f5-f823-4501-bbde-87d393673dfe,574495d2-7e8d-4ab4-b81a-b49fdd970588,задача,55
97a9edec-f916-4c1d-8f44-43b8129eb9e6,a2fbb4b3-21cc-4d8c-a024-2a38475d0b11,сообщение,63
521f973a-d086-4987-a0d9-ca93641793aa,67252d8a-b4a0-47a8-9d33-daa088d02bd7,звонок,7
754e1840-0713-4ca8-b5a9-0e7ebbe86df9,dd7bad90-0773-4333-9728-db908ce2b22e,звонок,71
b6d3aa55-d7cf-41d9-a39e-780da01e33e2,a2fbb4b3-21cc-4d8c-a024-2a38475d0b11,звонок,68
4d4538ca-34d7-45fc-9abe-430f15598446,d160362f-6beb-4194-a120-7ed3249d629a,звонок,17
393131d6-fbae-4acd-9311-7303cd3c4781,7f4332a8-ea94-4fe1-ad5d-c4a99c898eb2,сообщение,31
ab68df92-f9af-40b3-8374-085fc1aa634d,a2fbb4b3-21cc-4d8c-a024-2a38475d0b11,сообщение,51
7252985c-1aa8-45dc-bc93-419e9d2cc259,009a1df7-3a2d-4631-9906-e04052b99ab5,сообщение,100
76960ea2-7f10-486c-afaa-f195ea7785e5,1742d7ec-e4be-4132-b07f-d1318487f1f4,сообщение,57
ef7e241f-4b77-4031-9fc6-120f96d4ad19,52ccf5f0-094c-4f81-bcca-6efb5e4b235f,сообщение,66
7ccae54f-d679-4224-93de-82d95bfbea24,20fa6fbc-53e3-4c3c-8b1b-bb8f3ea50919,сообщение,33
b84e2993-4a80-4635-98d6-88eb173fa09a,c4d337ee-6e8c-49fd-ae25-71d93a989758,звонок,69
574495d2-7e8d-4ab4-b81a-b49fdd970588,ad1f6800-51d2-485f-957c-b83172503816,задача,71
a2fbb4b3-21cc-4d8c-a024-2a38475d0b11,38b3813c-d615-43bc-86b8-722de0f7fe03,задача,78
3ff465a4-bcd3-4c97-8f91-b20077314f36,574495d2-7e8d-4ab4-b81a-b49fdd970588,сообщение,21
0a3195b0-f5fa-499e-a4ae-896d1df21c27,dd7bad90-0773-4333-9728-db908ce2b22e,звонок,43
754e1840-0713-4ca8-b5a9-0e7ebbe86df9,761ba7e9-9d52-462f-a673-b34fee746ca6,звонок,34
754e1840-0713-4ca8-b5a9-0e7ebbe86df9,76960ea2-7f10-486c-afaa-f195ea7785e5,звонок,18
9c2799d8-a8c5-4177-82b2-e6caabbb7313,595d9d85-63fd-4d10-94da-03422b80048c,сообщение,67
9de52478-58e8-494d-b107-72bb09052864,942fd693-09b0-4e62-af99-e1b1f5415631,звонок,68
67a7d5ff-08dc-4578-aa98-619c2b3b56c5,839517fb-119d-449c-8d82-f70601d3aaa0,сообщение,25
67a7d5ff-08dc-4578-aa98-619c2b3b56c5,ac3f9591-4380-495a-beb4-1ab82b509172,сообщение,75
dc9519ad-90bc-4a0e-994c-63438a1a6949,58e011e8-6ae5-4416-9502-689f8625ff8c,задача,78
1742d7ec-e4be-4132-b07f-d1318487f1f4,3e7e45c0-4eef-433f-9b24-6ec0354e0cdf,задача,88
ef7e241f-4b77-4031-9fc6-120f96d4ad19,40af7387-0eee-4c2b-8bfc-ac083856bd10,задача,19
54a9fef7-db34-4129-beb9-f1342962e721,d08c30f5-f823-4501-bbde-87d393673dfe,задача,50
c1d8941f-8a78-4e27-b080-6d74d7154898,7f4332a8-ea94-4fe1-ad5d-c4a99c898eb2,задача,57
b155a2b1-3f7a-4e00-be91-4b111ba10268,c1d8941f-8a78-4e27-b080-6d74d7154898,задача,12
85b1ac88-75bf-407a-9911-7fd3aaafa748,cd70b3cd-94c4-406e-a2e8-4053ac89b644,задача,84
d160362f-6beb-4194-a120-7ed3249d629a,92863f44-b1da-4680-a9d2-835af8b334ce,звонок,20
f05e08ba-b65a-4052-959e-55ed1683756c,72d3b1f5-ccca-4dcf-85bb-bf60d9c06824,сообщение,17
0a3195b0-f5fa-499e-a4ae-896d1df21c27,20fa6fbc-53e3-4c3c-8b1b-bb8f3ea50919,задача,29
97a9edec-f916-4c1d-8f44-43b8129eb9e6,d160362f-6beb-4194-a120-7ed3249d629a,задача,5
3e7e45c0-4eef-433f-9b24-6ec0354e0cdf,5586e5d9-0f1b-4b9f-8b0b-f7b9372d3547,звонок,86
521f973a-d086-4987-a0d9-ca93641793aa,396b1400-a9d7-4b8c-9a17-5ddead3192e7,задача,2
b9ad9b6c-2eaa-4b77-a5a5-67810fac8998,5586e5d9-0f1b-4b9f-8b0b-f7b9372d3547,сообщение,70
40af7387-0eee-4c2b-8bfc-ac083856bd10,c9e9e085-b32c-4eb7-82e7-cf1faab26612,звонок,32
b9ad9b6c-2eaa-4b77-a5a5-67810fac8998,f5114b0d-91a1-4cb0-b4f3-c516bbf19001,задача,29
ab3b02c9-ad63-488d-8a52-2c8d7c1b36a6,238226b1-4894-4136-90b9-3064f67f4673,задача,70
ad1f6800-51d2-485f-957c-b83172503816,67252d8a-b4a0-47a8-9d33-daa088d02bd7,звонок,94
33bf7a00-9abf-4025-9e24-5b0f475fb5ab,942fd693-09b0-4e62-af99-e1b1f5415631,задача,91
67a7d5ff-08dc-4578-aa98-619c2b3b56c5,ad1f6800-51d2-485f-957c-b83172503816,звонок,79
b82a166d-93b2-42d0-a73a-1cbb8931d04c,761ba7e9-9d52-462f-a673-b34fee746ca6,задача,12
58e011e8-6ae5-4416-9502-689f8625ff8c,16a60fdf-4b9a-42b0-9a14-b39361a4057c,звонок,44
67252d8a-b4a0-47a8-9d33-daa088d02bd7,33bf7a00-9abf-4025-9e24-5b0f475fb5ab,сообщение,14
b6d3aa55-d7cf-41d9-a39e-780da01e33e2,5b4f4463-72f5-4158-bf8a-c57eab67a730,звонок,69
534765ca-532c-412a-aaf3-31b673b23378,4d0170f9-0d9b-47f3-baf5-5852f774c122,сообщение,83
c529e0ff-af21-4067-a3b7-f248c77db23d,67a7d5ff-08dc-4578-aa98-619c2b3b56c5,задача,50
c539a173-6719-407a-83c7-429329cc703c,a2fbb4b3-21cc-4d8c-a024-2a38475d0b11,звонок,31
c74970e8-334b-479e-a3df-f32a0125216f,c539a173-6719-407a-83c7-429329cc703c,звонок,48
225a9ce2-8f2b-4755-a613-074602491fd2,e1128a45-4e42-4392-bd0d-134b07a170da,сообщение,59
0a3195b0-f5fa-499e-a4ae-896d1df21c27,942fd693-09b0-4e62-af99-e1b1f5415631,задача,84
63b4a044-62d2-4bcc-b196-c7bd55699200,4d0170f9-0d9b-47f3-baf5-5852f774c122,сообщение,78
dc9519ad-90bc-4a0e-994c-63438a1a6949,27f9cabb-5fac-49d0-8823-febc6abfcee6,сообщение,32
ab68df92-f9af-40b3-8374-085fc1aa634d,38b3813c-d615-43bc-86b8-722de0f7fe03,сообщение,2
c74970e8-334b-479e-a3df-f32a0125216f,ad1f6800-51d2-485f-957c-b83172503816,задача,32
5af065b3-93e9-4c89-8f80-00fe075c23e9,52ccf5f0-094c-4f81-bcca-6efb5e4b235f,звонок,34
a2fbb4b3-21cc-4d8c-a024-2a38475d0b11,c74970e8-334b-479e-a3df-f32a0125216f,звонок,7
0e442966-a10c-4075-9485-d3ad1fb90d6e,5af065b3-93e9-4c89-8f80-00fe075c23e9,сообщение,23
67a7d5ff-08dc-4578-aa98-619c2b3b56c5,cd70b3cd-94c4-406e-a2e8-4053ac89b644,задача,82
ef367f9f-63cb-4373-b903-dd7f6e6da6af,4d0170f9-0d9b-47f3-baf5-5852f774c122,сообщение,53
3e7e45c0-4eef-433f-9b24-6ec0354e0cdf,fdcdec42-b090-46f4-96ce-1dd2c56370dd,звонок,58
0a3195b0-f5fa-499e-a4ae-896d1df21c27,c539a173-6719-407a-83c7-429329cc703c,сообщение,27
52ccf5f0-094c-4f81-bcca-6efb5e4b235f,5b4f4463-72f5-4158-bf8a-c57eab67a730,сообщение,60
393131d6-fbae-4acd-9311-7303cd3c4781,ad1f6800-51d2-485f-957c-b83172503816,сообщение,84
f76b4301-3aa1-4aba-85c7-de9880d83519,b6d3aa55-d7cf-41d9-a39e-780da01e33e2,задача,88
1584e614-c9d1-400b-a925-907e749224e8,27ba013b-e21a-4952-a569-599a8a74da11,задача,8
225a9ce2-8f2b-4755-a613-074602491fd2,4d0170f9-0d9b-47f3-baf5-5852f774c122,звонок,10
92863f44-b1da-4680-a9d2-835af8b334ce,dc9519ad-90bc-4a0e-994c-63438a1a6949,сообщение,59
c9577cc4-87e4-486d-8be8-38f9cfca2d74,b155a2b1-3f7a-4e00-be91-4b111ba10268,звонок,16
3e7e45c0-4eef-433f-9b24-6ec0354e0cdf,27f9cabb-5fac-49d0-8823-febc6abfcee6,звонок,87
f05e08ba-b65a-4052-959e-55ed1683756c,c4d337ee-6e8c-49fd-ae25-71d93a989758,задача,75
3ff465a4-bcd3-4c97-8f91-b20077314f36,54a9fef7-db34-4129-beb9-f1342962e721,сообщение,13
396b1400-a9d7-4b8c-9a17-5ddead3192e7,59c2ec17-cc0c-49e9-ab81-a06712756dbc,сообщение,17
c9e9e085-b32c-4eb7-82e7-cf1faab26612,5af065b3-93e9-4c89-8f80-00fe075c23e9,сообщение,100
506120c1-9539-4f1b-a22a-f498060cc360,17c34b17-08db-4e98-87ff-95e6a9e8b7d8,сообщение,95
f05e08ba-b65a-4052-959e-55ed1683756c,abada8f5-c819-4b50-bd83-c75580bc7868,задача,9
9de52478-58e8-494d-b107-72bb09052864,754e1840-0713-4ca8-b5a9-0e7ebbe86df9,звонок,67
05f9e060-b2c1-4798-bb09-1625c11a5f79,334672c7-225b-48d3-a074-f212c5ef19e6,звонок,14
27f9cabb-5fac-49d0-8823-febc6abfcee6,c4d337ee-6e8c-49fd-ae25-71d93a989758,сообщение,16
ac3f9591-4380-495a-beb4-1ab82b509172,534765ca-532c-412a-aaf3-31b673b23378,звонок,78
396b1400-a9d7-4b8c-9a17-5ddead3192e7,7f7631f6-4d64-4a0c-b052-822ae306f403,задача,5
27f9cabb-5fac-49d0-8823-febc6abfcee6,e8b09be5-e7d7-43ec-afc8-703ee62f86b7,задача,2
c1d8941f-8a78-4e27-b080-6d74d7154898,c74970e8-334b-479e-a3df-f32a0125216f,сообщение,33
b84e2993-4a80-4635-98d6-88eb173fa09a,59c2ec17-cc0c-49e9-ab81-a06712756dbc,звонок,32
1742d7ec-e4be-4132-b07f-d1318487f1f4,1584e614-c9d1-400b-a925-907e749224e8,задача,76
5ec95e6e-4d0c-41c5-becc-6e12387cfcc7,38b3813c-d615-43bc-86b8-722de0f7fe03,задача,24
05f9e060-b2c1-4798-bb09-1625c11a5f79,7252985c-1aa8-45dc-bc93-419e9d2cc259,задача,30
76960ea2-7f10-486c-afaa-f195ea7785e5,4d4538ca-34d7-45fc-9abe-430f15598446,задача,68
ffef61e0-1402-4469-8302-73f3fb947675,cd70b3cd-94c4-406e-a2e8-4053ac89b644,задача,55
e8b09be5-e7d7-43ec-afc8-703ee62f86b7,4d4538ca-34d7-45fc-9abe-430f15598446,звонок,20
3f45dfb0-8c14-4caf-9464-f46c8275a3ce,09018c18-2802-4afe-bd6e-c995846a87c6,сообщение,82
c74970e8-334b-479e-a3df-f32a0125216f,5b4f4463-72f5-4158-bf8a-c57eab67a730,сообщение,24
05f9e060-b2c1-4798-bb09-1625c11a5f79,58e011e8-6ae5-4416-9502-689f8625ff8c,сообщение,88
85b1ac88-75bf-407a-9911-7fd3aaafa748,393131d6-fbae-4acd-9311-7303cd3c4781,сообщение,59
c4d337ee-6e8c-49fd-ae25-71d93a989758,72d3b1f5-ccca-4dcf-85bb-bf60d9c06824,звонок,90
534765ca-532c-412a-aaf3-31b673b23378,b155a2b1-3f7a-4e00-be91-4b111ba10268,звонок,27
334672c7-225b-48d3-a074-f212c5ef19e6,009a1df7-3a2d-4631-9906-e04052b99ab5,сообщение,41
4d0170f9-0d9b-47f3-baf5-5852f774c122,3e7e45c0-4eef-433f-9b24-6ec0354e0cdf,задача,23
5ec95e6e-4d0c-41c5-becc-6e12387cfcc7,20fa6fbc-53e3-4c3c-8b1b-bb8f3ea50919,звонок,3
67a7d5ff-08dc-4578-aa98-619c2b3b56c5,238226b1-4894-4136-90b9-3064f67f4673,звонок,88
d160362f-6beb-4194-a120-7ed3249d629a,3f45dfb0-8c14-4caf-9464-f46c8275a3ce,задача,10
7ccae54f-d679-4224-93de-82d95bfbea24,67a7d5ff-08dc-4578-aa98-619c2b3b56c5,сообщение,77
506120c1-9539-4f1b-a22a-f498060cc360,67a7d5ff-08dc-4578-aa98-619c2b3b56c5,звонок,98
09018c18-2802-4afe-bd6e-c995846a87c6,40af7387-0eee-4c2b-8bfc-ac083856bd10,сообщение,58
5116c0d0-4d29-422a-b2bd-3d084703d7e8,dc9519ad-90bc-4a0e-994c-63438a1a6949,звонок,26
67252d8a-b4a0-47a8-9d33-daa088d02bd7,a2fbb4b3-21cc-4d8c-a024-2a38475d0b11,сообщение,43
bf3179cc-78eb-4154-aefb-bf6a0ef7018c,b84e2993-4a80-4635-98d6-88eb173fa09a,звонок,23
839517fb-119d-449c-8d82-f70601d3aaa0,abada8f5-c819-4b50-bd83-c75580bc7868,задача,86
3ff465a4-bcd3-4c97-8f91-b20077314f36,52ccf5f0-094c-4f81-bcca-6efb5e4b235f,сообщение,73
58e011e8-6ae5-4416-9502-689f8625ff8c,d08c30f5-f823-4501-bbde-87d393673dfe,задача,71
754e1840-0713-4ca8-b5a9-0e7ebbe86df9,c529e0ff-af21-4067-a3b7-f248c77db23d,звонок,60
27ba013b-e21a-4952-a569-599a8a74da11,c4d337ee-6e8c-49fd-ae25-71d93a989758,звонок,24
334672c7-225b-48d3-a074-f212c5ef19e6,548bc082-1484-4076-a8dc-4aed816d4da6,сообщение,5
17c34b17-08db-4e98-87ff-95e6a9e8b7d8,0e442966-a10c-4075-9485-d3ad1fb90d6e,звонок,37
f5114b0d-91a1-4cb0-b4f3-c516bbf19001,ab68df92-f9af-40b3-8374-085fc1aa634d,задача,29
521f973a-d086-4987-a0d9-ca93641793aa,4d4538ca-34d7-45fc-9abe-430f15598446,сообщение,23
761ba7e9-9d52-462f-a673-b34fee746ca6,548bc082-1484-4076-a8dc-4aed816d4da6,звонок,26
238226b1-4894-4136-90b9-3064f67f4673,7f7631f6-4d64-4a0c-b052-822ae306f403,звонок,50
dc9519ad-90bc-4a0e-994c-63438a1a6949,52ccf5f0-094c-4f81-bcca-6efb5e4b235f,сообщение,12
c9577cc4-87e4-486d-8be8-38f9cfca2d74,16a60fdf-4b9a-42b0-9a14-b39361a4057c,звонок,58
97a9edec-f916-4c1d-8f44-43b8129eb9e6,9de52478-58e8-494d-b107-72bb09052864,задача,87
349198eb-0ed8-448b-82f2-68b805af0bf0,16a60fdf-4b9a-42b0-9a14-b39361a4057c,задача,48
20fa6fbc-53e3-4c3c-8b1b-bb8f3ea50919,67252d8a-b4a0-47a8-9d33-daa088d02bd7,задача,81
05f9e060-b2c1-4798-bb09-1625c11a5f79,7f7631f6-4d64-4a0c-b052-822ae306f403,звонок,16
c74970e8-334b-479e-a3df-f32a0125216f,b6d3aa55-d7cf-41d9-a39e-780da01e33e2,задача,71
0e442966-a10c-4075-9485-d3ad1fb90d6e,09018c18-2802-4afe-bd6e-c995846a87c6,звонок,76
ef367f9f-63cb-4373-b903-dd7f6e6da6af,33bf7a00-9abf-4025-9e24-5b0f475fb5ab,сообщение,67
67252d8a-b4a0-47a8-9d33-daa088d02bd7,7f7631f6-4d64-4a0c-b052-822ae306f403,звонок,63
1584e614-c9d1-400b-a925-907e749224e8,a2fbb4b3-21cc-4d8c-a024-2a38475d0b11,сообщение,34
15b50d1d-1632-46cd-bd20-bb2e8bb9cc5a,76960ea2-7f10-486c-afaa-f195ea7785e5,сообщение,56
4d4538ca-34d7-45fc-9abe-430f15598446,97a9edec-f916-4c1d-8f44-43b8129eb9e6,сообщение,43
b84e2993-4a80-4635-98d6-88eb173fa09a,5586e5d9-0f1b-4b9f-8b0b-f7b9372d3547,задача,64
3e7e45c0-4eef-433f-9b24-6ec0354e0cdf,72d3b1f5-ccca-4dcf-85bb-bf60d9c06824,сообщение,15
396b1400-a9d7-4b8c-9a17-5ddead3192e7,97a9edec-f916-4c1d-8f44-43b8129eb9e6,задача,33
bd0befa6-a3bc-4307-9c4f-cd930424a90f,5586e5d9-0f1b-4b9f-8b0b-f7b9372d3547,задача,46
db763072-5afa-4cdc-8b09-ec21aad1ea16,85b1ac88-75bf-407a-9911-7fd3aaafa748,сообщение,74
5116c0d0-4d29-422a-b2bd-3d084703d7e8,3ff465a4-bcd3-4c97-8f91-b20077314f36,сообщение,83
c4d337ee-6e8c-49fd-ae25-71d93a989758,9c2799d8-a8c5-4177-82b2-e6caabbb7313,сообщение,34
506120c1-9539-4f1b-a22a-f498060cc360,3ff465a4-bcd3-4c97-8f91-b20077314f36,сообщение,66
c539a173-6719-407a-83c7-429329cc703c,ffef61e0-1402-4469-8302-73f3fb947675,сообщение,60
db763072-5afa-4cdc-8b09-ec21aad1ea16,bf3179cc-78eb-4154-aefb-bf6a0ef7018c,задача,2
09018c18-2802-4afe-bd6e-c995846a87c6,20fa6fbc-53e3-4c3c-8b1b-bb8f3ea50919,задача,19
393131d6-fbae-4acd-9311-7303cd3c4781,d08c30f5-f823-4501-bbde-87d393673dfe,задача,87
92863f44-b1da-4680-a9d2-835af8b334ce,52ccf5f0-094c-4f81-bcca-6efb5e4b235f,сообщение,10
27f9cabb-5fac-49d0-8823-febc6abfcee6,238226b1-4894-4136-90b9-3064f67f4673,сообщение,64
e1128a45-4e42-4392-bd0d-134b07a170da,225a9ce2-8f2b-4755-a613-074602491fd2,сообщение,45
b6d3aa55-d7cf-41d9-a39e-780da01e33e2,e1128a45-4e42-4392-bd0d-134b07a170da,задача,15
52ccf5f0-094c-4f81-bcca-6efb5e4b235f,9de52478-58e8-494d-b107-72bb09052864,звонок,16
396b1400-a9d7-4b8c-9a17-5ddead3192e7,839517fb-119d-449c-8d82-f70601d3aaa0,задача,13
c74970e8-334b-479e-a3df-f32a0125216f,0e442966-a10c-4075-9485-d3ad1fb90d6e,сообщение,32
ffef61e0-1402-4469-8302-73f3fb947675,0d7052aa-90e5-4a98-8696-d13d93d25050,сообщение,60
1584e614-c9d1-400b-a925-907e749224e8,334672c7-225b-48d3-a074-f212c5ef19e6,задача,84
595d9d85-63fd-4d10-94da-03422b80048c,f5114b0d-91a1-4cb0-b4f3-c516bbf19001,задача,2
0d7052aa-90e5-4a98-8696-d13d93d25050,dd7bad90-0773-4333-9728-db908ce2b22e,задача,100
f5114b0d-91a1-4cb0-b4f3-c516bbf19001,54a9fef7-db34-4129-beb9-f1342962e721,звонок,28
c74970e8-334b-479e-a3df-f32a0125216f,bf3179cc-78eb-4154-aefb-bf6a0ef7018c,сообщение,49
58e011e8-6ae5-4416-9502-689f8625ff8c,05f9e060-b2c1-4798-bb09-1625c11a5f79,задача,51
839517fb-119d-449c-8d82-f70601d3aaa0,7f4332a8-ea94-4fe1-ad5d-c4a99c898eb2,сообщение,60
ef367f9f-63cb-4373-b903-dd7f6e6da6af,09018c18-2802-4afe-bd6e-c995846a87c6,сообщение,100
16a60fdf-4b9a-42b0-9a14-b39361a4057c,9c2799d8-a8c5-4177-82b2-e6caabbb7313,сообщение,7
3ff465a4-bcd3-4c97-8f91-b20077314f36,f76b4301-3aa1-4aba-85c7-de9880d83519,сообщение,95
59c2ec17-cc0c-49e9-ab81-a06712756dbc,5116c0d0-4d29-422a-b2bd-3d084703d7e8,звонок,2
54a9fef7-db34-4129-beb9-f1342962e721,67a7d5ff-08dc-4578-aa98-619c2b3b56c5,сообщение,24
7f4332a8-ea94-4fe1-ad5d-c4a99c898eb2,bf3179cc-78eb-4154-aefb-bf6a0ef7018c,звонок,91
e6b3d672-2dbb-4ad6-b62e-92b113476047,f76b4301-3aa1-4aba-85c7-de9880d83519,сообщение,3
7f4332a8-ea94-4fe1-ad5d-c4a99c898eb2,5af065b3-93e9-4c89-8f80-00fe075c23e9,звонок,85
3f45dfb0-8c14-4caf-9464-f46c8275a3ce,754e1840-0713-4ca8-b5a9-0e7ebbe86df9,звонок,87
ac3f9591-4380-495a-beb4-1ab82b509172,839517fb-119d-449c-8d82-f70601d3aaa0,сообщение,72
54a9fef7-db34-4129-beb9-f1342962e721,fdcdec42-b090-46f4-96ce-1dd2c56370dd,звонок,70
548bc082-1484-4076-a8dc-4aed816d4da6,54a9fef7-db34-4129-beb9-f1342962e721,задача,57
521f973a-d086-4987-a0d9-ca93641793aa,67252d8a-b4a0-47a8-9d33-daa088d02bd7,звонок,38
5b4f4463-72f5-4158-bf8a-c57eab67a730,0d7052aa-90e5-4a98-8696-d13d93d25050,задача,44
c4d337ee-6e8c-49fd-ae25-71d93a989758,52ccf5f0-094c-4f81-bcca-6efb5e4b235f,задача,60
3ff465a4-bcd3-4c97-8f91-b20077314f36,396b1400-a9d7-4b8c-9a17-5ddead3192e7,задача,13
85b1ac88-75bf-407a-9911-7fd3aaafa748,3ff465a4-bcd3-4c97-8f91-b20077314f36,звонок,13
225a9ce2-8f2b-4755-a613-074602491fd2,334672c7-225b-48d3-a074-f212c5ef19e6,задача,77
506120c1-9539-4f1b-a22a-f498060cc360,c539a173-6719-407a-83c7-429329cc703c,звонок,93
09018c18-2802-4afe-bd6e-c995846a87c6,c9577cc4-87e4-486d-8be8-38f9cfca2d74,сообщение,75
17c34b17-08db-4e98-87ff-95e6a9e8b7d8,27f9cabb-5fac-49d0-8823-febc6abfcee6,звонок,80
c74970e8-334b-479e-a3df-f32a0125216f,bd0befa6-a3bc-4307-9c4f-cd930424a90f,звонок,69
db763072-5afa-4cdc-8b09-ec21aad1ea16,1742d7ec-e4be-4132-b07f-d1318487f1f4,звонок,68
d08c30f5-f823-4501-bbde-87d393673dfe,db763072-5afa-4cdc-8b09-ec21aad1ea16,задача,42
574495d2-7e8d-4ab4-b81a-b49fdd970588,c539a173-6719-407a-83c7-429329cc703c,звонок,45
c74970e8-334b-479e-a3df-f32a0125216f,3ff465a4-bcd3-4c97-8f91-b20077314f36,звонок,11
f76b4301-3aa1-4aba-85c7-de9880d83519,c529e0ff-af21-4067-a3b7-f248c77db23d,сообщение,84
72d3b1f5-ccca-4dcf-85bb-bf60d9c06824,0d7052aa-90e5-4a98-8696-d13d93d25050,звонок,49
3f45dfb0-8c14-4caf-9464-f46c8275a3ce,15b50d1d-1632-46cd-bd20-bb2e8bb9cc5a,сообщение,85
17c34b17-08db-4e98-87ff-95e6a9e8b7d8,c529e0ff-af21-4067-a3b7-f248c77db23d,сообщение,5
4d0170f9-0d9b-47f3-baf5-5852f774c122,548bc082-1484-4076-a8dc-4aed816d4da6,сообщение,28
9c2799d8-a8c5-4177-82b2-e6caabbb7313,5586e5d9-0f1b-4b9f-8b0b-f7b9372d3547,звонок,60
534765ca-532c-412a-aaf3-31b673b23378,e8b09be5-e7d7-43ec-afc8-703ee62f86b7,задача,99
52ccf5f0-094c-4f81-bcca-6efb5e4b235f,5af065b3-93e9-4c89-8f80-00fe075c23e9,задача,29
595d9d85-63fd-4d10-94da-03422b80048c,c539a173-6719-407a-83c7-429329cc703c,сообщение,98
4d0170f9-0d9b-47f3-baf5-5852f774c122,58e011e8-6ae5-4416-9502-689f8625ff8c,задача,85
754e1840-0713-4ca8-b5a9-0e7ebbe86df9,c9e9e085-b32c-4eb7-82e7-cf1faab26612,сообщение,71
0d7052aa-90e5-4a98-8696-d13d93d25050,58e011e8-6ae5-4416-9502-689f8625ff8c,задача,83
67252d8a-b4a0-47a8-9d33-daa088d02bd7,d08c30f5-f823-4501-bbde-87d393673dfe,звонок,30
27ba013b-e21a-4952-a569-599a8a74da11,ad1f6800-51d2-485f-957c-b83172503816,сообщение,19
db763072-5afa-4cdc-8b09-ec21aad1ea16,e6b3d672-2dbb-4ad6-b62e-92b113476047,задача,20
225a9ce2-8f2b-4755-a613-074602491fd2,534765ca-532c-412a-aaf3-31b673b23378,задача,88
225a9ce2-8f2b-4755-a613-074602491fd2,b9ad9b6c-2eaa-4b77-a5a5-67810fac8998,задача,1
bf3179cc-78eb-4154-aefb-bf6a0ef7018c,e8b09be5-e7d7-43ec-afc8-703ee62f86b7,звонок,49
c1d8941f-8a78-4e27-b080-6d74d7154898,ab68df92-f9af-40b3-8374-085fc1aa634d,задача,85
b82a166d-93b2-42d0-a73a-1cbb8931d04c,db763072-5afa-4cdc-8b09-ec21aad1ea16,задача,2
fdcdec42-b090-46f4-96ce-1dd2c56370dd,b9ad9b6c-2eaa-4b77-a5a5-67810fac8998,звонок,44
54a9fef7-db34-4129-beb9-f1342962e721,0e442966-a10c-4075-9485-d3ad1fb90d6e,задача,38
b9ad9b6c-2eaa-4b77-a5a5-67810fac8998,595d9d85-63fd-4d10-94da-03422b80048c,звонок,46
754e1840-0713-4ca8-b5a9-0e7ebbe86df9,595d9d85-63fd-4d10-94da-03422b80048c,задача,66
5116c0d0-4d29-422a-b2bd-3d084703d7e8,e8b09be5-e7d7-43ec-afc8-703ee62f86b7,сообщение,10
c1d8941f-8a78-4e27-b080-6d74d7154898,e8b09be5-e7d7-43ec-afc8-703ee62f86b7,звонок,12
e1128a45-4e42-4392-bd0d-134b07a170da,f76b4301-3aa1-4aba-85c7-de9880d83519,звонок,13
ef7e241f-4b77-4031-9fc6-120f96d4ad19,cd70b3cd-94c4-406e-a2e8-4053ac89b644,задача,70
7252985c-1aa8-45dc-bc93-419e9d2cc259,52ccf5f0-094c-4f81-bcca-6efb5e4b235f,звонок,72
54a9fef7-db34-4129-beb9-f1342962e721,40af7387-0eee-4c2b-8bfc-ac083856bd10,звонок,73
4d0170f9-0d9b-47f3-baf5-5852f774c122,ffef61e0-1402-4469-8302-73f3fb947675,сообщение,11
e8b09be5-e7d7-43ec-afc8-703ee62f86b7,ad1f6800-51d2-485f-957c-b83172503816,сообщение,95
52ccf5f0-094c-4f81-bcca-6efb5e4b235f,d08c30f5-f823-4501-bbde-87d393673dfe,задача,57
9c2799d8-a8c5-4177-82b2-e6caabbb7313,349198eb-0ed8-448b-82f2-68b805af0bf0,звонок,54
52ccf5f0-094c-4f81-bcca-6efb5e4b235f,0a3195b0-f5fa-499e-a4ae-896d1df21c27,задача,7
b155a2b1-3f7a-4e00-be91-4b111ba10268,7f7631f6-4d64-4a0c-b052-822ae306f403,сообщение,75
76960ea2-7f10-486c-afaa-f195ea7785e5,52ccf5f0-094c-4f81-bcca-6efb5e4b235f,задача,65
4d4538ca-34d7-45fc-9abe-430f15598446,92863f44-b1da-4680-a9d2-835af8b334ce,задача,1
0d7052aa-90e5-4a98-8696-d13d93d25050,548bc082-1484-4076-a8dc-4aed816d4da6,задача,59
3e7e45c0-4eef-433f-9b24-6ec0354e0cdf,225a9ce2-8f2b-4755-a613-074602491fd2,звонок,49
ebf26043-880c-47fd-8e68-e160cf957a18,ac3f9591-4380-495a-beb4-1ab82b509172,звонок,43
548bc082-1484-4076-a8dc-4aed816d4da6,16a60fdf-4b9a-42b0-9a14-b39361a4057c,звонок,10
05f9e060-b2c1-4798-bb09-1625c11a5f79,52ccf5f0-094c-4f81-bcca-6efb5e4b235f,сообщение,81
7252985c-1aa8-45dc-bc93-419e9d2cc259,59c2ec17-cc0c-49e9-ab81-a06712756dbc,задача,83
7ccae54f-d679-4224-93de-82d95bfbea24,bd0befa6-a3bc-4307-9c4f-cd930424a90f,звонок,66
754e1840-0713-4ca8-b5a9-0e7ebbe86df9,521f973a-d086-4987-a0d9-ca93641793aa,сообщение,9
33bf7a00-9abf-4025-9e24-5b0f475fb5ab,754e1840-0713-4ca8-b5a9-0e7ebbe86df9,задача,38
c4d337ee-6e8c-49fd-ae25-71d93a989758,17c34b17-08db-4e98-87ff-95e6a9e8b7d8,задача,54
db763072-5afa-4cdc-8b09-ec21aad1ea16,5ec95e6e-4d0c-41c5-becc-6e12387cfcc7,сообщение,86
b9ad9b6c-2eaa-4b77-a5a5-67810fac8998,76960ea2-7f10-486c-afaa-f195ea7785e5,сообщение,14
d160362f-6beb-4194-a120-7ed3249d629a,ef367f9f-63cb-4373-b903-dd7f6e6da6af,задача,33
4d4538ca-34d7-45fc-9abe-430f15598446,f76b4301-3aa1-4aba-85c7-de9880d83519,сообщение,73
334672c7-225b-48d3-a074-f212c5ef19e6,761ba7e9-9d52-462f-a673-b34fee746ca6,звонок,83
f5114b0d-91a1-4cb0-b4f3-c516bbf19001,4d0170f9-0d9b-47f3-baf5-5852f774c122,сообщение,44
ebf26043-880c-47fd-8e68-e160cf957a18,1742d7ec-e4be-4132-b07f-d1318487f1f4,звонок,69
97a9edec-f916-4c1d-8f44-43b8129eb9e6,ffef61e0-1402-4469-8302-73f3fb947675,сообщение,49
67a7d5ff-08dc-4578-aa98-619c2b3b56c5,cd70b3cd-94c4-406e-a2e8-4053ac89b644,звонок,51
3f45dfb0-8c14-4caf-9464-f46c8275a3ce,334672c7-225b-48d3-a074-f212c5ef19e6,задача,9
e6b3d672-2dbb-4ad6-b62e-92b113476047,ad1f6800-51d2-485f-957c-b83172503816,звонок,44
ad1f6800-51d2-485f-957c-b83172503816,27f9cabb-5fac-49d0-8823-febc6abfcee6,задача,55
7ccae54f-d679-4224-93de-82d95bfbea24,754e1840-0713-4ca8-b5a9-0e7ebbe86df9,сообщение,5
3e7e45c0-4eef-433f-9b24-6ec0354e0cdf,c529e0ff-af21-4067-a3b7-f248c77db23d,задача,60
17c34b17-08db-4e98-87ff-95e6a9e8b7d8,9c2799d8-a8c5-4177-82b2-e6caabbb7313,сообщение,26
5586e5d9-0f1b-4b9f-8b0b-f7b9372d3547,ef367f9f-63cb-4373-b903-dd7f6e6da6af,сообщение,61
761ba7e9-9d52-462f-a673-b34fee746ca6,bd0befa6-a3bc-4307-9c4f-cd930424a90f,задача,59
b84e2993-4a80-4635-98d6-88eb173fa09a,349198eb-0ed8-448b-82f2-68b805af0bf0,звонок,96
5b4f4463-72f5-4158-bf8a-c57eab67a730,3e7e45c0-4eef-433f-9b24-6ec0354e0cdf,сообщение,38
38b3813c-d615-43bc-86b8-722de0f7fe03,b6d3aa55-d7cf-41d9-a39e-780da01e33e2,звонок,52
59c2ec17-cc0c-49e9-ab81-a06712756dbc,dc9519ad-90bc-4a0e-994c-63438a1a6949,сообщение,78
16a60fdf-4b9a-42b0-9a14-b39361a4057c,521f973a-d086-4987-a0d9-ca93641793aa,сообщение,58
40af7387-0eee-4c2b-8bfc-ac083856bd10,b9ad9b6c-2eaa-4b77-a5a5-67810fac8998,звонок,73
b82a166d-93b2-42d0-a73a-1cbb8931d04c,d08c30f5-f823-4501-bbde-87d393673dfe,сообщение,15
17c34b17-08db-4e98-87ff-95e6a9e8b7d8,76960ea2-7f10-486c-afaa-f195ea7785e5,сообщение,4
e8b09be5-e7d7-43ec-afc8-703ee62f86b7,38b3813c-d615-43bc-86b8-722de0f7fe03,задача,92
754e1840-0713-4ca8-b5a9-0e7ebbe86df9,b82a166d-93b2-42d0-a73a-1cbb8931d04c,сообщение,49
ab68df92-f9af-40b3-8374-085fc1aa634d,ebf26043-880c-47fd-8e68-e160cf957a18,звонок,72
ab68df92-f9af-40b3-8374-085fc1aa634d,334672c7-225b-48d3-a074-f212c5ef19e6,сообщение,53
1584e614-c9d1-400b-a925-907e749224e8,52ccf5f0-094c-4f81-bcca-6efb5e4b235f,звонок,27
7ccae54f-d679-4224-93de-82d95bfbea24,92863f44-b1da-4680-a9d2-835af8b334ce,задача,20
e6b3d672-2dbb-4ad6-b62e-92b113476047,334672c7-225b-48d3-a074-f212c5ef19e6,сообщение,84
f76b4301-3aa1-4aba-85c7-de9880d83519,ba4e6002-e12a-4def-8e31-3b1271cb3907,сообщение,18
34619ebb-54df-4b8b-8c01-908ca42f384b,dc9519ad-90bc-4a0e-994c-63438a1a6949,задача,49
33bf7a00-9abf-4025-9e24-5b0f475fb5ab,c74970e8-334b-479e-a3df-f32a0125216f,задача,28
238226b1-4894-4136-90b9-3064f67f4673,c9577cc4-87e4-486d-8be8-38f9cfca2d74,задача,46
9de52478-58e8-494d-b107-72bb09052864,58e011e8-6ae5-4416-9502-689f8625ff8c,задача,78
c74970e8-334b-479e-a3df-f32a0125216f,ef367f9f-63cb-4373-b903-dd7f6e6da6af,звонок,82
67a7d5ff-08dc-4578-aa98-619c2b3b56c5,396b1400-a9d7-4b8c-9a17-5ddead3192e7,звонок,80
abada8f5-c819-4b50-bd83-c75580bc7868,1584e614-c9d1-400b-a925-907e749224e8,сообщение,44
7f4332a8-ea94-4fe1-ad5d-c4a99c898eb2,349198eb-0ed8-448b-82f2-68b805af0bf0,задача,16
20fa6fbc-53e3-4c3c-8b1b-bb8f3ea50919,c529e0ff-af21-4067-a3b7-f248c77db23d,задача,6
17c34b17-08db-4e98-87ff-95e6a9e8b7d8,5af065b3-93e9-4c89-8f80-00fe075c23e9,задача,37
27ba013b-e21a-4952-a569-599a8a74da11,c74970e8-334b-479e-a3df-f32a0125216f,сообщение,68
ffef61e0-1402-4469-8302-73f3fb947675,4d4538ca-34d7-45fc-9abe-430f15598446,звонок,77
5586e5d9-0f1b-4b9f-8b0b-f7b9372d3547,5ec95e6e-4d0c-41c5-becc-6e12387cfcc7,задача,24
5ec95e6e-4d0c-41c5-becc-6e12387cfcc7,ab3b02c9-ad63-488d-8a52-2c8d7c1b36a6,сообщение,55
009a1df7-3a2d-4631-9906-e04052b99ab5,5ec95e6e-4d0c-41c5-becc-6e12387cfcc7,сообщение,85
238226b1-4894-4136-90b9-3064f67f4673,05f9e060-b2c1-4798-bb09-1625c11a5f79,задача,31
839517fb-119d-449c-8d82-f70601d3aaa0,67252d8a-b4a0-47a8-9d33-daa088d02bd7,звонок,36
cd70b3cd-94c4-406e-a2e8-4053ac89b644,0e442966-a10c-4075-9485-d3ad1fb90d6e,задача,44
3f45dfb0-8c14-4caf-9464-f46c8275a3ce,b155a2b1-3f7a-4e00-be91-4b111ba10268,звонок,13
ebf26043-880c-47fd-8e68-e160cf957a18,595d9d85-63fd-4d10-94da-03422b80048c,сообщение,58
c1d8941f-8a78-4e27-b080-6d74d7154898,1742d7ec-e4be-4132-b07f-d1318487f1f4,звонок,53
334672c7-225b-48d3-a074-f212c5ef19e6,1584e614-c9d1-400b-a925-907e749224e8,задача,3
db763072-5afa-4cdc-8b09-ec21aad1ea16,ab68df92-f9af-40b3-8374-085fc1aa634d,сообщение,57
f5114b0d-91a1-4cb0-b4f3-c516bbf19001,3e7e45c0-4eef-433f-9b24-6ec0354e0cdf,задача,43
5586e5d9-0f1b-4b9f-8b0b-f7b9372d3547,b84e2993-4a80-4635-98d6-88eb173fa09a,сообщение,59
ac3f9591-4380-495a-beb4-1ab82b509172,ffef61e0-1402-4469-8302-73f3fb947675,сообщение,4
33bf7a00-9abf-4025-9e24-5b0f475fb5ab,5586e5d9-0f1b-4b9f-8b0b-f7b9372d3547,задача,80
